genotypes,sitio,anio,EX,PM,NS,IK,FR,VIS,PD,BG,ATL,amb,M_1111059,M_1121377,M_1120563,M_1121416,M_1120562,M_1110943,M_1111040,M_1110180,M_1110216,M_1121015,M_1120394,M_1121265,M_1121366,M_1121261,M_1121187,M_1110891,M_1110307,M_1110987,M_1110787,M_1120864,M_1111110,M_1121304,M_1110525,M_1111073,M_1110399,M_1110178,M_1110919,M_1110837,M_1121153,M_1110648,M_1121338,M_1111061,M_1110498,M_1121005,M_1120674,M_1110297,M_1120929,M_1110638,M_1111302,M_1110422,M_1111522,M_1121096,M_1110325,M_1110733,M_1121388,M_1120387,M_1111015,M_1120891,M_1120748,M_1110997,M_1110602,M_1111133,M_1110796,M_1120476,M_1110679,M_1120039,M_1110317,M_1111178,M_1120669,M_1120251,M_1120032,M_1111206,M_1110436,M_1120390,M_1120532,M_1120887,M_1110909,M_1120585,M_1110191,M_1110692,M_1121399,M_1120438,M_1110685,M_1110632,M_1111430,M_1121166,M_1121110,M_1110651,M_1121144,M_1110265,M_1121258,M_1121251,M_1121078,M_1121205,M_1120667,M_1111402,M_1120419,M_1120699,M_1110818,M_1110196,M_1111435,M_1111214,M_1110786,M_1121242,M_1110823,M_1110619,M_1120781,M_1111100,M_1110287,M_1111533,M_1110475,M_1121037,M_1121245,M_1121351,M_1110214,M_1120080,M_1121007,M_1110398,M_1110876,M_1111250,M_1110900,M_1121340,M_1110630,M_1111323,M_1111480,M_1111094,M_1120064,M_1110128,M_1111118,M_1110989,M_1110988,M_1121238,M_1110731,M_1110990,M_1111043,M_1110429,M_1111236,M_1110538,M_1120182,M_1110404,M_1110916,M_1121315,M_1110446,M_1121370,M_1121406,M_1121459,M_1111486,M_1110109,M_1121088,M_1110656,M_1120895,M_1110376,M_1120715,M_1121274,M_1120590,M_1120494,M_1110826,M_1110551,M_1110566,M_1110315,M_1111023,M_1121250,M_1111380,M_1121346,M_1120994,M_1121299,M_1120943,M_1110791,M_1110072,M_1121099,M_1121453,M_1110085
,,,,,,,,,,,,,2,2,2,2,2,2,2,2,2,2,2,2,2,2,2,2,2,2,2,2,2,2,2,2,2,2,2,2,2,2,2,2,2,2,2,2,2,2,2,2,2,2,2,2,2,2,2,2,2,2,2,2,2,2,2,2,2,2,2,2,2,2,2,2,2,2,2,2,2,2,2,2,2,2,2,2,2,2,2,2,2,2,2,2,2,2,2,2,2,2,2,2,2,2,2,2,2,2,2,2,2,2,2,2,2,2,2,2,2,2,2,2,2,2,2,2,2,2,2,2,2,2,2,2,2,2,2,2,2,2,2,2,2,2,2,2,2,2,2,2,2,2,2,2,2,2,2,2,2,2,2,2,2,2,2,2,2,2,2,2,2,2
,,,,,,,,,,,,,7.14,8.570001,9.280002,10.060003,10.940004,18.320005,19.270006,21.610007,26.530008,27.290009,27.29001,28.440011,28.440012,28.440013,29.150014,31.020015,31.020016,31.020017,31.020018,31.720019,32.17002,33.740021,38.030022,38.480023,39.100024,39.100025,39.100026,40.500027,40.940028,41.660029,44.84003,49.030031,49.070032,50.490033,51.750034,51.750035,52.470036,52.470037,52.470038,52.470039,53.53004,54.950041,54.950042,54.950043,54.950044,54.950045,55.670046,56.280047,56.280048,57.540049,58.24005,58.240051,58.240052,58.900053,58.900054,58.900055,59.900056,59.900057,59.900058,59.900059,59.90006,62.820061,62.820062,63.530063,63.530064,63.530065,63.530066,63.530067,63.530068,63.530069,63.53007,63.530071,63.530072,63.530073,64.240074,66.830075,67.540076,68.240077,69.250078,70.540079,70.54008,71.120081,71.120082,71.560083,72.330084,73.750085,74.370086,78.030087,78.030088,78.030089,78.03009,82.750091,82.750092,82.750093,82.750094,82.750095,83.820096,83.820097,85.920098,87.330099,88.7401,88.740101,89.320102,90.100103,93.500104,95.640105,96.250106,100.370107,100.370108,100.370109,101.78011,103.670111,105.770112,106.460113,108.610114,108.610115,112.910116,113.480117,113.480118,113.480119,113.48012,113.480121,113.480122,113.480123,113.480124,115.080125,115.780126,116.490127,116.490128,117.200129,117.91013,121.500131,125.460132,125.460133,126.370134,127.060135,127.060136,127.640137,128.260138,128.260139,131.77014,131.770141,133.940142,137.510143,137.510144,139.650145,139.650146,139.650147,140.270148,141.280149,141.28015,144.310151,145.030152,147.120153,147.120154,149.360155,149.610156,150.670157,151.370158,155.300159,155.30016,156.720161
Ana,EEMAC,2007,78.8,14.2,1060,48,67,1.53,453,311,-,EEMAC _ 2007,BB,AA,BB,AA,BB,AA,BB,AA,BB,AA,BB,AA,BB,AA,AA,BB,AA,BB,BB,BB,AA,AA,BB,BB,BB,BB,AA,AA,BB,AA,-,AA,BB,AA,AA,AA,AA,BB,BB,BB,BB,AA,BB,BB,BB,BB,BB,AA,BB,BB,AA,BB,AA,AA,AA,BB,AA,AA,AA,AA,BB,BB,AA,AA,AA,AA,AA,BB,BB,AA,AA,AA,AA,BB,BB,AA,BB,AA,AA,AA,AA,AA,AA,AA,BB,AA,BB,BB,BB,BB,AA,BB,AA,BB,AA,BB,AA,AA,BB,AA,AA,AA,AA,BB,BB,AA,AA,AA,BB,BB,AA,AA,AA,BB,BB,BB,BB,AA,AA,AA,BB,BB,BB,BB,BB,BB,BB,BB,BB,BB,AA,BB,AA,BB,AA,AA,AA,BB,AA,AA,AA,BB,AA,AA,BB,AA,AA,AA,BB,AA,AA,BB,BB,AA,BB,BB,BB,BB,AA,AA,AA,BB
PlArcher,EEMAC,2007,75,16.9,1121,42,51,1.48,485,346,-,EEMAC _ 2007,AA,BB,AA,AA,BB,BB,AA,AA,AA,AA,BB,BB,BB,AA,BB,AA,BB,AA,AA,AA,AA,AA,AA,AA,AA,BB,AA,AA,BB,AA,BB,AA,AA,BB,BB,AA,BB,BB,AA,AA,BB,AA,BB,BB,BB,AA,AA,BB,AA,BB,AA,AA,BB,AA,BB,BB,AA,AA,BB,BB,BB,AA,BB,AA,AA,AA,AA,AA,AA,BB,BB,BB,BB,BB,AA,BB,AA,BB,BB,BB,BB,AA,BB,BB,AA,BB,BB,BB,AA,AA,BB,AA,BB,BB,BB,BB,AA,BB,BB,BB,BB,BB,BB,AA,AA,AA,AA,AA,BB,BB,AA,AA,AA,AA,AA,BB,AA,BB,AA,BB,AA,AA,AA,AA,AA,AA,AA,AA,BB,AA,BB,AA,AA,BB,AA,AA,AA,AA,AA,AA,BB,AA,AA,AA,BB,AA,AA,AA,AA,BB,BB,AA,BB,AA,BB,AA,AA,AA,AA,BB,BB,BB
Aurore,EEMAC,2007,76.7,15.3,795,33,47,1.59,512,563,-,EEMAC _ 2007,AA,BB,BB,AA,BB,AA,AA,AA,BB,AA,BB,BB,BB,AA,AA,BB,AA,BB,BB,BB,BB,BB,BB,BB,BB,BB,BB,BB,AA,BB,BB,BB,BB,BB,AA,AA,AA,AA,BB,BB,AA,AA,AA,AA,AA,BB,BB,BB,AA,AA,AA,AA,BB,BB,BB,BB,AA,AA,BB,BB,BB,AA,BB,AA,AA,AA,AA,AA,AA,BB,BB,BB,BB,BB,AA,BB,AA,AA,BB,BB,BB,BB,BB,AA,BB,BB,AA,AA,BB,BB,AA,AA,AA,AA,BB,BB,AA,AA,BB,AA,AA,AA,AA,BB,BB,AA,AA,AA,AA,AA,AA,AA,AA,BB,BB,AA,BB,BB,AA,AA,BB,BB,BB,BB,BB,BB,BB,BB,BB,BB,AA,BB,BB,AA,BB,BB,BB,BB,AA,AA,AA,BB,AA,BB,BB,AA,AA,BB,BB,AA,-,BB,AA,BB,BB,AA,AA,BB,AA,BB,BB,AA
Berolin,EEMAC,2007,79.1,12.5,678,34,51,1.59,329,864,-,EEMAC _ 2007,AA,AA,BB,AA,BB,BB,AA,AA,AA,BB,BB,AA,AA,BB,BB,AA,AA,BB,BB,BB,BB,BB,AA,AA,AA,AA,BB,BB,AA,BB,BB,BB,BB,AA,AA,AA,AA,BB,BB,BB,BB,AA,BB,BB,BB,BB,BB,AA,BB,BB,AA,AA,BB,AA,AA,BB,AA,AA,BB,BB,BB,AA,AA,AA,AA,AA,AA,AA,AA,AA,BB,BB,BB,BB,BB,AA,BB,AA,AA,AA,AA,AA,AA,AA,BB,AA,BB,BB,AA,AA,BB,AA,BB,BB,BB,BB,AA,AA,BB,AA,AA,AA,AA,BB,AA,BB,BB,AA,BB,BB,AA,BB,BB,AA,AA,BB,AA,AA,AA,AA,BB,BB,BB,BB,BB,AA,BB,AA,BB,AA,BB,AA,BB,AA,BB,BB,BB,BB,AA,AA,AA,BB,AA,BB,BB,AA,AA,BB,BB,AA,-,BB,AA,BB,BB,AA,AA,BB,AA,BB,BB,AA
Bonita,EEMAC,2007,75.7,14.6,700,30,30,1.58,466,649,-,EEMAC _ 2007,AA,BB,AA,AA,BB,AA,AA,AA,AA,BB,BB,AA,AA,BB,AA,AA,BB,AA,AA,AA,AA,AA,BB,BB,BB,AA,BB,BB,AA,BB,BB,AA,AA,BB,BB,BB,BB,AA,AA,AA,AA,AA,AA,AA,AA,BB,BB,BB,AA,AA,AA,AA,BB,BB,BB,BB,AA,AA,BB,BB,BB,AA,BB,AA,AA,AA,AA,AA,AA,BB,BB,BB,BB,BB,AA,BB,AA,AA,BB,BB,BB,BB,BB,AA,BB,BB,AA,AA,BB,BB,AA,AA,AA,AA,BB,BB,AA,AA,BB,AA,AA,AA,AA,BB,BB,AA,AA,AA,AA,AA,AA,AA,AA,BB,BB,AA,BB,BB,AA,AA,BB,BB,BB,BB,BB,BB,BB,BB,BB,BB,AA,BB,BB,AA,BB,BB,BB,BB,AA,AA,AA,BB,AA,BB,AA,BB,BB,BB,AA,BB,BB,AA,AA,AA,BB,BB,BB,AA,AA,BB,BB,AA
Bowman,EEMAC,2007,79.5,13.7,683,31,49,1.59,369,865,-,EEMAC _ 2007,BB,AA,BB,AA,BB,AA,AA,AA,AA,AA,BB,AA,AA,BB,BB,BB,AA,AA,AA,AA,AA,AA,AA,AA,AA,AA,BB,BB,AA,BB,BB,AA,AA,BB,AA,BB,AA,AA,AA,BB,AA,AA,AA,AA,AA,BB,BB,BB,AA,AA,BB,AA,AA,BB,BB,AA,BB,BB,AA,BB,AA,AA,BB,BB,BB,BB,AA,BB,BB,AA,AA,AA,AA,AA,AA,AA,BB,BB,AA,AA,AA,BB,AA,AA,AA,BB,AA,AA,BB,BB,AA,BB,BB,BB,AA,AA,BB,BB,BB,BB,AA,AA,AA,BB,BB,BB,BB,AA,AA,AA,AA,BB,BB,AA,AA,BB,AA,AA,BB,BB,AA,AA,AA,AA,AA,AA,BB,BB,AA,BB,AA,BB,AA,BB,AA,AA,AA,BB,AA,AA,AA,BB,BB,AA,BB,AA,AA,BB,BB,AA,AA,BB,BB,BB,AA,AA,AA,BB,BB,BB,BB,AA
Cheri,EEMAC,2007,80.7,13.2,866,42,71,1.54,441,339,-,EEMAC _ 2007,BB,AA,AA,BB,AA,BB,AA,BB,AA,BB,AA,AA,AA,BB,AA,AA,BB,AA,AA,AA,AA,AA,BB,BB,BB,BB,AA,BB,BB,AA,AA,AA,AA,BB,BB,BB,BB,AA,AA,AA,AA,AA,AA,AA,AA,AA,AA,BB,AA,BB,AA,AA,BB,AA,BB,BB,AA,AA,BB,BB,BB,AA,BB,AA,AA,AA,AA,AA,AA,BB,BB,BB,BB,BB,AA,BB,AA,BB,BB,BB,BB,AA,BB,AA,BB,BB,AA,BB,AA,AA,BB,AA,AA,AA,BB,BB,BB,BB,AA,AA,BB,BB,BB,AA,BB,BB,BB,AA,AA,AA,AA,BB,BB,AA,AA,BB,AA,BB,BB,AA,BB,BB,BB,BB,BB,AA,AA,BB,AA,AA,AA,AA,BB,AA,BB,BB,BB,BB,BB,BB,AA,BB,BB,BB,AA,BB,BB,BB,BB,AA,AA,BB,AA,BB,BB,AA,AA,BB,AA,AA,AA,BB
CLE176,EEMAC,2007,78.7,12.5,795,40,58,1.55,322,505,-,EEMAC _ 2007,BB,AA,BB,AA,BB,BB,AA,AA,AA,BB,AA,AA,AA,AA,BB,AA,AA,BB,BB,BB,AA,AA,BB,BB,BB,BB,AA,AA,BB,AA,-,BB,BB,AA,AA,AA,AA,BB,BB,BB,BB,AA,BB,BB,BB,BB,BB,AA,BB,BB,AA,BB,AA,AA,AA,BB,AA,AA,AA,BB,BB,AA,BB,AA,AA,AA,BB,AA,AA,BB,BB,BB,BB,BB,BB,AA,BB,AA,AA,AA,AA,AA,AA,AA,BB,AA,AA,AA,AA,AA,BB,AA,AA,AA,BB,BB,BB,BB,BB,AA,AA,AA,AA,BB,BB,AA,AA,AA,BB,BB,AA,BB,BB,BB,BB,BB,BB,AA,AA,AA,BB,BB,BB,BB,BB,BB,BB,BB,BB,BB,AA,BB,AA,BB,AA,AA,AA,BB,AA,AA,AA,BB,BB,BB,BB,AA,AA,AA,BB,AA,-,BB,AA,BB,BB,AA,AA,BB,AA,BB,BB,AA
CLE178,EEMAC,2007,81.8,13.7,958,45,61,1.53,437,394,-,EEMAC _ 2007,BB,AA,BB,AA,BB,BB,AA,AA,AA,BB,AA,AA,AA,AA,BB,AA,AA,BB,BB,BB,AA,AA,BB,BB,BB,BB,AA,AA,BB,AA,BB,AA,AA,BB,BB,BB,AA,AA,BB,BB,BB,BB,AA,AA,BB,AA,AA,AA,BB,BB,AA,AA,BB,AA,BB,BB,AA,AA,BB,BB,BB,AA,BB,AA,AA,AA,AA,AA,AA,BB,BB,BB,BB,BB,BB,AA,BB,AA,AA,AA,AA,AA,AA,AA,BB,AA,AA,AA,AA,AA,BB,AA,AA,AA,BB,BB,BB,BB,BB,AA,AA,AA,AA,BB,BB,AA,AA,AA,BB,BB,AA,BB,BB,BB,BB,BB,BB,AA,AA,AA,BB,BB,BB,BB,BB,BB,BB,BB,BB,BB,AA,BB,AA,BB,AA,AA,AA,BB,AA,AA,AA,BB,BB,BB,BB,AA,AA,AA,BB,AA,-,BB,AA,BB,BB,AA,AA,BB,AA,BB,BB,AA
Clipper,EEMAC,2007,79.7,13.5,1029,48,65,1.58,330,323,-,EEMAC _ 2007,BB,AA,BB,AA,BB,AA,BB,AA,AA,BB,BB,AA,AA,BB,BB,AA,AA,BB,BB,BB,BB,BB,AA,AA,AA,AA,BB,BB,AA,BB,BB,BB,BB,AA,AA,AA,AA,BB,BB,BB,BB,AA,BB,BB,BB,BB,BB,AA,BB,BB,AA,BB,AA,AA,AA,BB,AA,AA,AA,AA,BB,BB,AA,AA,AA,AA,AA,BB,BB,AA,AA,AA,AA,BB,BB,AA,BB,AA,AA,AA,AA,AA,AA,AA,BB,AA,BB,BB,AA,AA,BB,AA,BB,BB,BB,BB,AA,BB,BB,BB,AA,AA,AA,BB,AA,AA,AA,AA,BB,BB,AA,BB,BB,AA,AA,BB,BB,BB,AA,AA,BB,BB,BB,BB,BB,BB,BB,BB,BB,BB,AA,BB,BB,AA,BB,BB,BB,BB,AA,AA,AA,BB,AA,BB,BB,AA,AA,BB,BB,AA,AA,BB,BB,BB,AA,AA,AA,BB,BB,BB,BB,AA
Clivia,EEMAC,2007,77.6,13.2,672,32,47,1.52,333,569,-,EEMAC _ 2007,BB,AA,AA,AA,AA,AA,AA,AA,AA,AA,BB,AA,AA,BB,AA,AA,BB,AA,AA,AA,AA,AA,BB,BB,BB,BB,AA,BB,BB,AA,AA,AA,AA,BB,BB,BB,AA,AA,BB,BB,BB,BB,AA,AA,BB,AA,AA,AA,BB,BB,AA,AA,BB,AA,BB,BB,AA,AA,BB,BB,BB,AA,BB,AA,AA,AA,BB,AA,AA,BB,BB,BB,BB,BB,AA,BB,AA,BB,BB,AA,AA,AA,BB,BB,BB,BB,AA,AA,AA,AA,BB,AA,AA,AA,BB,BB,BB,BB,BB,BB,AA,AA,AA,BB,BB,BB,BB,AA,AA,AA,AA,BB,BB,AA,AA,BB,BB,AA,AA,AA,BB,BB,BB,BB,BB,BB,BB,BB,BB,BB,AA,AA,AA,BB,AA,AA,BB,BB,BB,BB,AA,BB,AA,AA,BB,AA,AA,AA,BB,AA,AA,BB,BB,AA,BB,BB,BB,AA,BB,BB,BB,AA
Defra,EEMAC,2007,78.2,13.1,695,33,52,1.52,413,484,-,EEMAC _ 2007,BB,AA,AA,BB,AA,BB,AA,BB,AA,BB,AA,AA,AA,BB,AA,AA,BB,AA,AA,AA,AA,AA,BB,BB,BB,BB,AA,BB,BB,AA,AA,AA,AA,BB,BB,BB,AA,AA,BB,BB,BB,BB,AA,AA,BB,AA,AA,AA,BB,BB,AA,AA,BB,AA,BB,BB,AA,AA,BB,BB,BB,AA,BB,AA,AA,AA,BB,AA,AA,BB,BB,BB,BB,BB,AA,BB,AA,BB,BB,AA,AA,AA,BB,BB,BB,BB,AA,AA,AA,AA,BB,AA,AA,AA,BB,BB,BB,BB,AA,AA,BB,BB,BB,AA,BB,AA,AA,AA,BB,BB,AA,AA,AA,BB,BB,AA,BB,AA,AA,BB,AA,AA,AA,AA,AA,BB,BB,BB,BB,BB,AA,BB,BB,AA,BB,BB,BB,BB,AA,AA,AA,BB,AA,AA,BB,AA,AA,BB,BB,AA,-,BB,AA,BB,BB,AA,AA,BB,AA,BB,BB,AA
FNC1,EEMAC,2007,77.5,13,666,32,42,1.59,349,669,-,EEMAC _ 2007,AA,AA,BB,AA,BB,AA,BB,AA,AA,BB,BB,AA,AA,BB,BB,AA,AA,BB,BB,BB,BB,BB,BB,AA,AA,BB,AA,AA,BB,AA,AA,AA,AA,BB,BB,BB,AA,AA,BB,BB,BB,BB,AA,AA,BB,AA,AA,AA,BB,BB,AA,AA,BB,AA,BB,BB,AA,AA,BB,BB,BB,AA,BB,AA,AA,AA,BB,AA,AA,BB,AA,AA,BB,BB,BB,AA,BB,BB,AA,AA,AA,AA,BB,BB,BB,BB,AA,AA,BB,BB,AA,AA,AA,BB,BB,BB,BB,BB,BB,BB,AA,AA,AA,BB,BB,BB,BB,AA,AA,AA,AA,BB,BB,BB,BB,BB,AA,AA,AA,AA,BB,BB,BB,BB,BB,AA,BB,AA,BB,AA,BB,AA,BB,AA,BB,BB,BB,BB,AA,AA,AA,BB,AA,BB,BB,AA,AA,BB,BB,AA,-,BB,AA,BB,BB,AA,AA,BB,AA,BB,BB,AA
FNC61,EEMAC,2007,78.7,14.7,1060,46,63,1.51,485,250,-,EEMAC _ 2007,AA,AA,BB,AA,BB,BB,AA,AA,AA,BB,BB,AA,AA,BB,BB,AA,AA,BB,BB,BB,BB,BB,AA,AA,AA,AA,BB,BB,AA,BB,BB,BB,BB,AA,AA,AA,AA,BB,BB,BB,BB,AA,BB,BB,BB,BB,BB,AA,BB,BB,AA,AA,BB,AA,AA,BB,AA,AA,BB,BB,BB,AA,AA,AA,AA,AA,AA,AA,AA,AA,BB,BB,BB,BB,BB,AA,BB,AA,AA,AA,AA,AA,AA,AA,BB,AA,BB,BB,AA,AA,BB,AA,BB,BB,BB,BB,AA,AA,BB,AA,AA,AA,AA,BB,AA,BB,BB,AA,BB,BB,AA,BB,BB,AA,AA,BB,AA,AA,AA,AA,BB,BB,BB,BB,BB,AA,BB,AA,BB,AA,BB,AA,BB,AA,BB,BB,BB,BB,AA,AA,AA,BB,AA,BB,BB,AA,AA,BB,BB,AA,-,BB,AA,BB,BB,AA,AA,BB,AA,BB,BB,AA
FNCI22,EEMAC,2007,78.2,13.1,735,35,54,1.51,339,584,-,EEMAC _ 2007,BB,AA,AA,AA,AA,AA,BB,AA,AA,BB,BB,AA,AA,BB,BB,AA,AA,BB,BB,BB,BB,BB,AA,AA,AA,AA,BB,BB,AA,BB,BB,BB,BB,AA,AA,AA,AA,BB,BB,BB,BB,AA,BB,BB,BB,BB,BB,AA,BB,BB,AA,BB,AA,AA,AA,BB,AA,AA,AA,AA,BB,BB,AA,AA,AA,AA,AA,BB,BB,AA,AA,AA,AA,BB,BB,AA,BB,AA,AA,AA,AA,AA,AA,AA,BB,AA,BB,BB,AA,AA,BB,AA,BB,BB,BB,BB,AA,AA,BB,AA,AA,AA,AA,BB,BB,AA,AA,AA,BB,BB,AA,AA,AA,BB,BB,BB,BB,AA,AA,AA,BB,BB,BB,BB,BB,BB,BB,BB,BB,BB,AA,BB,BB,AA,BB,BB,BB,BB,AA,AA,AA,BB,AA,BB,BB,AA,AA,BB,BB,AA,AA,BB,BB,BB,AA,AA,AA,BB,BB,BB,BB,AA
Gull,EEMAC,2007,78.3,15,846,36,36,1.73,183,568,-,EEMAC _ 2007,AA,BB,AA,AA,BB,AA,AA,AA,BB,AA,BB,BB,BB,AA,AA,BB,AA,BB,BB,BB,BB,BB,BB,BB,BB,BB,BB,BB,AA,BB,BB,BB,BB,BB,AA,AA,AA,AA,BB,BB,AA,AA,AA,AA,AA,BB,BB,AA,BB,BB,AA,AA,BB,AA,BB,BB,AA,AA,BB,BB,BB,AA,BB,AA,AA,AA,BB,AA,AA,BB,BB,BB,BB,BB,AA,BB,AA,BB,BB,AA,AA,AA,BB,BB,BB,BB,AA,BB,BB,BB,AA,AA,AA,AA,BB,BB,BB,BB,BB,BB,AA,AA,AA,BB,BB,BB,BB,AA,AA,AA,AA,BB,BB,AA,AA,BB,BB,AA,AA,AA,BB,BB,BB,BB,BB,BB,BB,BB,BB,BB,AA,BB,AA,BB,AA,AA,AA,BB,AA,AA,AA,BB,AA,AA,BB,AA,AA,AA,BB,AA,AA,BB,BB,AA,BB,AA,AA,BB,AA,AA,AA,AA
Haisa,EEMAC,2007,77.9,13.5,658,30,42,1.59,383,847,-,EEMAC _ 2007,AA,AA,BB,AA,BB,BB,AA,BB,AA,AA,BB,BB,BB,AA,BB,AA,BB,AA,AA,AA,AA,AA,BB,BB,BB,BB,BB,BB,BB,BB,BB,AA,AA,BB,BB,BB,BB,AA,AA,AA,AA,AA,AA,AA,AA,BB,BB,BB,AA,AA,AA,AA,BB,BB,BB,BB,AA,AA,BB,BB,BB,AA,BB,AA,AA,AA,AA,AA,AA,BB,BB,BB,BB,BB,AA,BB,AA,AA,BB,BB,BB,AA,BB,BB,BB,BB,AA,AA,AA,AA,BB,AA,AA,AA,BB,BB,BB,BB,BB,BB,AA,AA,AA,BB,BB,BB,BB,AA,AA,AA,AA,BB,BB,AA,AA,BB,BB,AA,AA,AA,BB,BB,BB,BB,BB,BB,BB,BB,BB,BB,AA,BB,BB,AA,BB,BB,BB,BB,AA,AA,AA,BB,AA,BB,BB,AA,AA,BB,BB,AA,-,BB,AA,BB,BB,AA,AA,BB,AA,BB,BB,AA
Hanna,EEMAC,2007,77.6,15.9,1223,49,55,1.53,514,189,-,EEMAC _ 2007,AA,AA,BB,BB,BB,BB,AA,AA,AA,AA,BB,BB,BB,AA,BB,AA,BB,AA,AA,AA,AA,AA,AA,AA,AA,BB,BB,AA,BB,BB,BB,BB,BB,AA,AA,AA,BB,AA,AA,AA,AA,AA,BB,BB,AA,AA,BB,AA,AA,AA,AA,AA,BB,BB,BB,BB,AA,AA,BB,BB,BB,AA,BB,AA,AA,AA,AA,AA,AA,BB,BB,BB,BB,BB,AA,BB,AA,BB,BB,AA,AA,BB,AA,AA,BB,BB,AA,BB,AA,AA,AA,AA,AA,AA,BB,BB,AA,AA,BB,AA,AA,AA,AA,BB,BB,BB,AA,AA,AA,AA,AA,BB,BB,AA,AA,BB,BB,AA,AA,AA,BB,BB,BB,BB,BB,BB,BB,BB,BB,BB,AA,BB,BB,AA,BB,BB,BB,BB,AA,AA,AA,AA,BB,AA,AA,BB,BB,AA,-,AA,AA,BB,BB,BB,AA,AA,AA,BB,AA,BB,BB,BB
Isaria,EEMAC,2007,78.7,13.9,887,41,53,1.65,294,605,-,EEMAC _ 2007,AA,AA,BB,AA,BB,BB,AA,BB,AA,AA,BB,BB,BB,AA,BB,AA,BB,AA,AA,AA,AA,AA,BB,BB,BB,BB,AA,BB,BB,AA,AA,AA,AA,BB,BB,BB,AA,AA,BB,BB,BB,BB,AA,AA,BB,AA,AA,AA,BB,BB,AA,AA,BB,AA,BB,BB,AA,AA,BB,BB,BB,AA,BB,AA,AA,AA,BB,AA,AA,BB,BB,BB,BB,BB,AA,BB,AA,BB,BB,AA,AA,AA,BB,BB,BB,BB,AA,AA,AA,AA,BB,AA,AA,AA,BB,BB,BB,BB,BB,BB,AA,AA,AA,BB,BB,BB,BB,AA,AA,AA,AA,BB,BB,AA,AA,BB,BB,AA,AA,AA,BB,BB,BB,BB,BB,BB,BB,BB,BB,BB,AA,BB,AA,BB,AA,AA,AA,BB,AA,AA,AA,BB,AA,AA,BB,AA,AA,AA,BB,AA,AA,BB,BB,AA,BB,BB,BB,BB,AA,AA,AA,BB
Kenia,EEMAC,2007,78.1,13.7,785,36,48,1.67,229,573,-,EEMAC _ 2007,AA,BB,BB,AA,BB,AA,AA,AA,BB,AA,BB,BB,BB,AA,AA,BB,AA,BB,BB,BB,BB,AA,BB,BB,BB,AA,BB,BB,AA,BB,BB,AA,AA,BB,BB,BB,BB,AA,AA,AA,AA,AA,AA,AA,AA,BB,BB,BB,AA,AA,AA,AA,BB,BB,BB,BB,AA,AA,BB,BB,BB,AA,BB,AA,AA,AA,AA,AA,AA,BB,BB,BB,BB,BB,AA,BB,AA,AA,BB,BB,BB,BB,BB,AA,BB,BB,AA,AA,BB,BB,AA,AA,AA,AA,BB,BB,AA,AA,BB,AA,AA,AA,AA,BB,BB,AA,AA,AA,AA,AA,AA,AA,AA,BB,BB,AA,BB,BB,AA,AA,BB,BB,BB,BB,BB,BB,BB,BB,BB,BB,AA,BB,BB,AA,BB,BB,BB,BB,AA,AA,AA,BB,AA,BB,BB,AA,AA,BB,BB,AA,-,BB,AA,BB,BB,AA,AA,BB,AA,BB,BB,AA
ND14016,EEMAC,2007,81.8,14.3,968,43,59,1.63,451,504,-,EEMAC _ 2007,AA,AA,BB,AA,BB,AA,AA,AA,BB,AA,BB,AA,BB,AA,BB,BB,AA,BB,AA,BB,BB,BB,AA,AA,AA,BB,BB,AA,BB,BB,BB,BB,BB,BB,BB,AA,BB,AA,AA,AA,AA,AA,AA,BB,AA,BB,BB,AA,BB,BB,AA,AA,BB,AA,BB,BB,BB,BB,AA,BB,AA,AA,BB,BB,BB,BB,AA,BB,BB,AA,AA,AA,AA,AA,AA,BB,AA,BB,BB,AA,AA,AA,BB,BB,BB,BB,AA,BB,BB,BB,AA,BB,AA,AA,AA,BB,BB,BB,BB,AA,AA,BB,AA,BB,BB,BB,BB,AA,AA,AA,AA,BB,BB,AA,AA,BB,BB,AA,AA,AA,BB,BB,BB,BB,BB,BB,AA,AA,BB,AA,BB,BB,BB,AA,BB,BB,BB,BB,AA,AA,AA,AA,AA,BB,BB,AA,AA,BB,BB,AA,-,BB,AA,BB,BB,AA,AA,BB,AA,BB,BB,AA
ND15140,EEMAC,2007,80.3,11.3,661,37,51,1.58,307,671,-,EEMAC _ 2007,AA,AA,BB,AA,BB,BB,AA,BB,BB,AA,BB,AA,AA,AA,BB,BB,AA,BB,BB,BB,AA,AA,AA,AA,AA,BB,BB,AA,BB,BB,BB,BB,BB,BB,BB,AA,BB,AA,AA,AA,AA,AA,AA,BB,AA,BB,BB,AA,BB,BB,AA,AA,BB,AA,BB,BB,BB,BB,AA,BB,AA,AA,BB,BB,BB,BB,AA,BB,BB,AA,AA,AA,AA,AA,AA,BB,AA,BB,BB,AA,AA,AA,BB,BB,BB,BB,AA,BB,BB,BB,AA,AA,AA,AA,BB,BB,BB,BB,BB,AA,AA,AA,AA,BB,AA,AA,AA,AA,BB,BB,BB,AA,AA,BB,BB,BB,AA,AA,BB,BB,AA,AA,AA,AA,AA,AA,BB,BB,AA,BB,AA,BB,AA,BB,AA,AA,AA,BB,AA,AA,AA,BB,BB,AA,BB,AA,AA,BB,BB,AA,AA,BB,BB,BB,AA,AA,AA,BB,BB,BB,BB,AA
Logan,EEMAC,2007,82.4,12.4,1070,55,77,1.52,509,224,-,EEMAC _ 2007,AA,AA,BB,AA,BB,BB,AA,BB,AA,AA,BB,BB,BB,AA,BB,BB,AA,BB,BB,BB,AA,AA,AA,AA,AA,BB,BB,AA,BB,BB,BB,BB,BB,BB,BB,AA,BB,AA,AA,AA,AA,AA,AA,BB,AA,BB,BB,AA,BB,BB,AA,AA,BB,AA,BB,BB,BB,BB,AA,BB,AA,AA,BB,BB,BB,BB,AA,BB,BB,AA,AA,AA,AA,AA,AA,BB,AA,BB,BB,AA,AA,AA,BB,BB,BB,BB,AA,BB,BB,BB,AA,AA,AA,AA,BB,BB,BB,BB,BB,AA,AA,AA,AA,BB,AA,AA,AA,AA,BB,BB,BB,AA,AA,BB,BB,BB,AA,AA,BB,BB,AA,AA,AA,AA,AA,AA,BB,BB,AA,BB,AA,BB,AA,BB,AA,AA,AA,BB,AA,AA,AA,BB,BB,AA,BB,AA,AA,BB,BB,AA,AA,BB,BB,BB,AA,AA,AA,BB,BB,AA,AA,AA
MN599,EEMAC,2007,80.6,12.5,948,48,69,1.52,357,312,-,EEMAC _ 2007,AA,AA,AA,AA,BB,AA,BB,AA,AA,BB,BB,AA,AA,BB,BB,BB,AA,BB,BB,BB,AA,AA,AA,AA,AA,AA,BB,BB,BB,AA,AA,AA,AA,BB,BB,BB,AA,BB,BB,BB,AA,AA,BB,BB,AA,AA,BB,AA,BB,BB,AA,AA,BB,AA,BB,AA,AA,AA,AA,BB,BB,BB,BB,AA,AA,AA,AA,BB,AA,BB,BB,BB,BB,BB,AA,AA,BB,BB,BB,BB,BB,BB,AA,BB,BB,BB,BB,AA,AA,AA,AA,BB,AA,BB,AA,AA,BB,BB,BB,BB,AA,AA,AA,BB,BB,BB,BB,AA,AA,AA,AA,BB,BB,AA,AA,BB,AA,AA,AA,BB,AA,BB,BB,BB,BB,AA,BB,BB,BB,BB,AA,BB,AA,BB,AA,AA,AA,BB,AA,AA,AA,BB,AA,AA,BB,AA,AA,AA,BB,AA,AA,BB,BB,AA,BB,BB,BB,BB,BB,BB,BB,AA
Perun,EEMAC,2007,78.2,13.1,683,33,48,1.54,399,629,-,EEMAC _ 2007,BB,AA,AA,BB,AA,BB,AA,BB,AA,BB,AA,AA,AA,BB,AA,AA,BB,AA,AA,AA,AA,AA,BB,BB,BB,BB,BB,BB,BB,BB,BB,AA,AA,BB,BB,BB,BB,AA,AA,AA,AA,AA,AA,AA,AA,AA,AA,BB,AA,BB,AA,AA,BB,AA,BB,BB,AA,AA,BB,BB,BB,AA,BB,AA,AA,AA,AA,AA,AA,BB,BB,BB,BB,BB,AA,BB,AA,BB,BB,BB,BB,AA,BB,AA,BB,BB,AA,BB,AA,AA,BB,AA,AA,AA,BB,BB,BB,BB,BB,BB,AA,AA,AA,BB,BB,BB,BB,AA,AA,AA,AA,AA,AA,BB,BB,AA,BB,AA,BB,BB,AA,AA,AA,AA,AA,AA,BB,AA,BB,AA,BB,AA,BB,BB,BB,BB,BB,AA,AA,BB,AA,AA,AA,AA,BB,AA,AA,AA,BB,AA,AA,BB,BB,AA,BB,AA,AA,BB,AA,AA,AA,AA
Prior,EEMAC,2007,78.1,12.5,836,42,49,1.61,290,482,-,EEMAC _ 2007,BB,AA,BB,AA,BB,AA,BB,AA,AA,BB,BB,AA,AA,BB,BB,AA,AA,BB,BB,BB,BB,BB,AA,AA,AA,AA,BB,BB,AA,BB,BB,BB,BB,AA,AA,AA,AA,BB,BB,BB,BB,AA,BB,BB,BB,BB,BB,AA,BB,BB,AA,BB,AA,AA,AA,BB,AA,AA,AA,AA,BB,BB,AA,AA,AA,AA,AA,BB,BB,AA,AA,AA,AA,BB,BB,AA,BB,AA,AA,AA,AA,AA,AA,AA,BB,AA,BB,BB,AA,AA,BB,AA,BB,BB,BB,BB,AA,BB,BB,BB,AA,AA,AA,BB,AA,AA,AA,AA,BB,BB,AA,BB,BB,AA,AA,BB,BB,AA,AA,AA,BB,BB,BB,BB,BB,BB,BB,BB,BB,BB,AA,AA,BB,BB,BB,AA,AA,BB,BB,BB,AA,AA,AA,BB,BB,AA,AA,BB,BB,AA,AA,BB,BB,BB,AA,AA,AA,BB,BB,BB,BB,AA
QPampa,EEMAC,2007,77.8,13.4,836,39,55,1.52,365,438,-,EEMAC _ 2007,BB,AA,BB,AA,BB,AA,BB,AA,BB,AA,BB,AA,BB,AA,AA,BB,AA,BB,BB,BB,AA,AA,BB,BB,BB,BB,AA,AA,BB,AA,-,BB,BB,AA,AA,AA,AA,BB,BB,BB,BB,AA,BB,BB,BB,BB,BB,AA,BB,BB,AA,BB,AA,AA,AA,BB,AA,AA,AA,AA,BB,BB,AA,AA,AA,AA,AA,BB,BB,AA,AA,AA,AA,BB,BB,AA,BB,AA,AA,AA,AA,AA,AA,AA,BB,AA,BB,AA,BB,BB,AA,AA,AA,AA,BB,BB,BB,BB,BB,BB,AA,AA,AA,BB,BB,BB,BB,AA,AA,AA,AA,AA,AA,BB,BB,BB,BB,AA,AA,AA,BB,BB,BB,BB,BB,BB,BB,BB,BB,BB,AA,BB,AA,BB,AA,AA,AA,BB,AA,AA,AA,BB,BB,BB,BB,AA,AA,AA,BB,AA,-,BB,AA,BB,BB,AA,AA,BB,AA,BB,BB,AA
Quebrac,EEMAC,2007,78.8,13.3,652,31,32,1.56,355,742,-,EEMAC _ 2007,BB,BB,AA,AA,BB,AA,BB,AA,AA,BB,BB,AA,AA,BB,BB,AA,AA,BB,BB,BB,BB,BB,AA,AA,AA,AA,BB,BB,AA,BB,BB,AA,AA,BB,AA,BB,AA,BB,BB,BB,BB,AA,BB,BB,BB,BB,BB,AA,BB,BB,AA,BB,AA,AA,AA,BB,AA,AA,AA,AA,BB,BB,AA,AA,AA,AA,AA,BB,BB,AA,AA,AA,AA,BB,BB,AA,BB,AA,AA,BB,BB,BB,BB,AA,BB,BB,AA,AA,BB,BB,AA,AA,AA,AA,BB,BB,AA,BB,BB,BB,AA,BB,AA,AA,BB,BB,BB,BB,BB,BB,BB,BB,BB,AA,AA,BB,AA,AA,AA,BB,AA,BB,BB,BB,BB,AA,BB,AA,BB,AA,AA,BB,BB,BB,AA,AA,AA,AA,AA,AA,AA,BB,AA,BB,BB,AA,AA,AA,BB,AA,AA,BB,BB,AA,BB,AA,AA,BB,AA,BB,BB,AA
Stirlin,EEMAC,2007,79.2,13.6,937,44,57,1.53,451,443,-,EEMAC _ 2007,AA,AA,BB,AA,BB,AA,BB,AA,AA,BB,BB,AA,AA,BB,BB,AA,AA,AA,BB,AA,AA,AA,AA,AA,AA,AA,BB,BB,AA,BB,BB,BB,BB,AA,AA,AA,AA,BB,BB,BB,BB,AA,BB,BB,BB,BB,BB,AA,BB,BB,AA,BB,AA,AA,AA,BB,AA,AA,AA,AA,BB,BB,AA,AA,AA,AA,AA,BB,BB,AA,AA,AA,AA,BB,BB,AA,BB,AA,AA,AA,AA,AA,AA,AA,BB,AA,BB,BB,AA,AA,BB,AA,BB,BB,BB,BB,AA,BB,BB,AA,AA,AA,AA,BB,AA,AA,AA,AA,BB,BB,AA,BB,BB,AA,AA,BB,BB,AA,AA,AA,BB,BB,BB,BB,BB,BB,BB,BB,BB,BB,AA,AA,BB,AA,BB,BB,BB,BB,AA,AA,AA,BB,AA,BB,BB,AA,AA,BB,BB,AA,BB,BB,AA,BB,BB,AA,AA,AA,AA,BB,BB,BB
Union,EEMAC,2007,77.9,15.2,856,36,48,1.65,433,555,-,EEMAC _ 2007,AA,AA,BB,AA,BB,BB,AA,BB,AA,AA,BB,BB,BB,AA,BB,AA,BB,AA,AA,AA,AA,AA,BB,BB,BB,BB,BB,BB,BB,BB,BB,AA,AA,BB,BB,BB,BB,AA,AA,AA,AA,AA,AA,AA,AA,AA,AA,BB,AA,BB,AA,AA,BB,AA,BB,BB,AA,AA,BB,BB,BB,AA,BB,AA,AA,AA,AA,AA,AA,BB,BB,BB,BB,BB,AA,BB,AA,BB,BB,BB,BB,AA,BB,AA,BB,BB,AA,BB,AA,AA,BB,AA,AA,AA,BB,BB,BB,BB,BB,BB,AA,AA,AA,BB,BB,BB,BB,AA,AA,AA,AA,BB,BB,AA,AA,BB,BB,AA,AA,AA,BB,BB,BB,BB,BB,BB,BB,BB,BB,BB,AA,BB,AA,BB,AA,AA,AA,BB,AA,AA,AA,BB,AA,AA,BB,AA,AA,AA,BB,AA,AA,BB,BB,AA,BB,AA,AA,BB,AA,AA,AA,AA
WMR1,EEMAC,2007,75.6,14.1,725,32,37,1.56,478,641,-,EEMAC _ 2007,AA,AA,BB,AA,BB,BB,AA,BB,AA,AA,BB,BB,BB,AA,BB,AA,BB,AA,AA,AA,AA,AA,BB,BB,BB,BB,BB,BB,BB,BB,BB,AA,AA,BB,BB,BB,BB,AA,AA,AA,AA,AA,AA,AA,AA,BB,BB,BB,AA,AA,AA,AA,BB,BB,BB,BB,AA,AA,BB,BB,BB,AA,BB,AA,AA,AA,AA,AA,AA,BB,BB,BB,BB,BB,AA,BB,AA,AA,BB,BB,BB,AA,BB,BB,BB,BB,AA,AA,BB,BB,AA,AA,AA,AA,BB,BB,AA,AA,BB,AA,AA,AA,AA,BB,BB,AA,AA,AA,BB,BB,AA,AA,AA,BB,BB,BB,BB,AA,AA,AA,BB,BB,BB,BB,BB,BB,BB,BB,BB,BB,AA,AA,BB,AA,BB,BB,BB,BB,AA,AA,AA,BB,AA,BB,BB,AA,AA,BB,BB,AA,BB,BB,AA,BB,BB,AA,AA,AA,BB,BB,BB,AA
Scarlet,EEMAC,2007,81,12,917,48,66,1.56,398,331,-,EEMAC _ 2007,AA,AA,BB,AA,BB,BB,AA,BB,AA,AA,BB,BB,BB,AA,BB,AA,BB,AA,AA,AA,AA,AA,BB,BB,BB,BB,BB,BB,BB,BB,BB,AA,AA,BB,BB,BB,BB,AA,AA,AA,AA,AA,AA,AA,AA,AA,AA,AA,BB,BB,AA,AA,BB,AA,BB,BB,AA,AA,BB,BB,BB,AA,BB,AA,AA,AA,BB,AA,AA,BB,BB,BB,BB,BB,AA,BB,AA,BB,BB,AA,AA,AA,BB,BB,BB,BB,AA,AA,AA,AA,BB,AA,AA,AA,BB,BB,AA,AA,BB,BB,AA,AA,AA,BB,BB,BB,BB,BB,BB,BB,BB,BB,BB,AA,AA,BB,AA,AA,AA,BB,AA,BB,BB,BB,BB,AA,AA,BB,BB,AA,AA,AA,BB,BB,AA,AA,AA,AA,BB,BB,AA,BB,BB,AA,AA,BB,BB,AA,AA,BB,BB,AA,BB,AA,BB,AA,AA,BB,AA,BB,BB,AA
Carumbe,EEMAC,2007,79.2,12.4,723,36,61,1.53,458,474,-,EEMAC _ 2007,AA,BB,BB,AA,BB,AA,AA,AA,AA,AA,BB,AA,AA,BB,AA,BB,AA,BB,BB,BB,AA,AA,BB,BB,BB,BB,AA,BB,BB,AA,BB,AA,AA,BB,AA,BB,AA,AA,AA,BB,AA,AA,AA,AA,AA,BB,BB,BB,AA,AA,BB,AA,AA,BB,BB,AA,BB,BB,AA,BB,AA,AA,BB,BB,BB,BB,AA,BB,BB,AA,AA,AA,AA,AA,AA,AA,BB,BB,AA,AA,AA,BB,AA,AA,AA,BB,AA,AA,BB,BB,AA,AA,AA,AA,BB,BB,BB,BB,BB,AA,BB,AA,BB,BB,BB,BB,BB,AA,AA,AA,AA,BB,BB,AA,AA,BB,AA,AA,BB,BB,AA,AA,AA,AA,AA,AA,BB,BB,AA,BB,AA,BB,AA,BB,AA,AA,AA,BB,AA,AA,AA,BB,BB,AA,BB,AA,AA,BB,BB,AA,AA,BB,BB,BB,AA,AA,AA,BB,BB,BB,BB,AA
Dayman,EEMAC,2007,80.4,12.5,793,40,63,1.53,440,533,-,EEMAC _ 2007,AA,AA,BB,AA,BB,BB,AA,BB,AA,AA,BB,BB,BB,AA,BB,AA,BB,AA,AA,AA,AA,AA,BB,BB,BB,BB,BB,BB,BB,BB,BB,AA,AA,BB,BB,BB,BB,AA,AA,AA,AA,AA,AA,AA,AA,BB,AA,AA,BB,BB,BB,BB,AA,AA,AA,AA,BB,BB,AA,BB,AA,AA,BB,BB,BB,BB,AA,BB,BB,AA,AA,AA,AA,AA,AA,AA,BB,BB,AA,BB,BB,BB,AA,AA,AA,BB,AA,BB,AA,AA,BB,BB,BB,BB,AA,AA,BB,BB,BB,BB,AA,AA,AA,BB,BB,BB,BB,AA,AA,AA,AA,BB,BB,AA,AA,BB,AA,AA,BB,AA,BB,AA,BB,BB,BB,BB,BB,AA,BB,BB,AA,BB,AA,BB,AA,AA,AA,BB,AA,AA,AA,BB,BB,AA,BB,AA,AA,BB,BB,AA,AA,BB,BB,BB,AA,AA,AA,BB,BB,BB,BB,AA
CLE202,EEMAC,2007,78.6,13.1,740,35,67,1.5,397,281,-,EEMAC _ 2007,BB,AA,AA,AA,AA,AA,BB,AA,AA,AA,BB,BB,BB,AA,AA,AA,BB,AA,AA,AA,AA,AA,AA,AA,AA,AA,BB,BB,AA,BB,BB,AA,AA,BB,AA,BB,AA,AA,AA,BB,AA,AA,AA,AA,AA,BB,BB,BB,AA,AA,AA,AA,BB,BB,BB,BB,AA,AA,BB,BB,BB,AA,BB,AA,AA,AA,AA,AA,AA,BB,BB,BB,BB,BB,AA,BB,AA,AA,AA,AA,AA,AA,AA,AA,BB,AA,BB,BB,AA,AA,BB,AA,BB,BB,BB,BB,AA,AA,BB,AA,AA,AA,AA,BB,BB,AA,AA,AA,BB,BB,AA,AA,AA,BB,BB,AA,BB,AA,AA,BB,AA,AA,AA,AA,AA,BB,BB,BB,BB,BB,AA,BB,BB,AA,BB,BB,BB,BB,AA,AA,AA,BB,AA,AA,BB,AA,AA,BB,BB,AA,-,BB,AA,BB,BB,AA,AA,BB,AA,BB,BB,AA
CLE203,EEMAC,2007,81,14.2,1151,52,77,1.48,417,98,-,EEMAC _ 2007,BB,AA,BB,AA,BB,AA,BB,AA,AA,BB,BB,AA,AA,BB,BB,AA,AA,BB,BB,BB,BB,BB,AA,AA,AA,AA,BB,BB,BB,BB,BB,AA,BB,AA,BB,AA,AA,BB,BB,BB,AA,AA,-,BB,AA,BB,BB,AA,BB,BB,BB,BB,AA,AA,BB,BB,AA,AA,AA,AA,BB,-,AA,AA,AA,AA,AA,BB,BB,AA,AA,AA,AA,BB,BB,AA,BB,AA,AA,AA,AA,AA,AA,AA,BB,AA,BB,AA,AA,AA,BB,AA,AA,BB,BB,BB,BB,BB,BB,BB,AA,AA,AA,BB,BB,BB,BB,AA,AA,AA,AA,BB,BB,BB,BB,BB,BB,AA,AA,AA,BB,BB,BB,BB,BB,BB,BB,BB,BB,BB,AA,BB,AA,BB,AA,AA,AA,BB,AA,AA,AA,BB,AA,AA,BB,AA,AA,AA,BB,AA,AA,BB,BB,AA,BB,BB,-,BB,AA,AA,AA,AA
Lisa,EEMAC,2007,77.9,14.6,917,40,62,1.52,400,337,-,EEMAC _ 2007,AA,AA,BB,AA,BB,BB,AA,BB,AA,AA,BB,BB,BB,AA,BB,AA,BB,AA,AA,AA,AA,AA,BB,BB,BB,BB,AA,BB,BB,AA,AA,AA,AA,BB,BB,BB,AA,AA,BB,BB,BB,BB,AA,AA,BB,AA,AA,AA,BB,BB,AA,AA,BB,AA,BB,BB,AA,AA,BB,BB,BB,AA,BB,AA,AA,AA,BB,AA,AA,BB,BB,BB,BB,BB,AA,BB,AA,BB,BB,AA,AA,AA,BB,BB,BB,BB,AA,AA,BB,BB,AA,AA,AA,BB,BB,BB,BB,BB,BB,BB,AA,AA,AA,BB,BB,BB,BB,AA,AA,AA,AA,BB,BB,AA,AA,BB,BB,AA,AA,AA,BB,BB,BB,BB,BB,BB,BB,BB,BB,BB,AA,BB,AA,BB,AA,AA,AA,BB,AA,AA,AA,BB,AA,AA,BB,AA,AA,AA,BB,AA,AA,BB,BB,AA,BB,AA,AA,BB,AA,AA,AA,AA
CLE226,EEMAC,2007,81.3,16.2,988,39,60,1.54,376,314,-,EEMAC _ 2007,AA,AA,BB,AA,BB,AA,BB,AA,AA,BB,BB,AA,AA,BB,BB,AA,AA,BB,BB,BB,BB,BB,AA,AA,AA,AA,BB,BB,AA,BB,BB,BB,BB,AA,AA,AA,AA,BB,BB,BB,BB,AA,BB,BB,BB,BB,BB,AA,BB,BB,AA,BB,AA,AA,AA,BB,AA,AA,AA,AA,BB,BB,AA,AA,AA,AA,AA,BB,BB,AA,AA,AA,AA,BB,BB,AA,BB,AA,AA,AA,AA,AA,AA,AA,BB,AA,BB,BB,AA,AA,BB,AA,AA,AA,BB,BB,BB,BB,AA,AA,BB,BB,BB,AA,BB,AA,AA,AA,BB,BB,AA,AA,AA,BB,BB,BB,BB,AA,AA,AA,BB,BB,BB,BB,BB,BB,BB,BB,BB,BB,AA,BB,BB,AA,BB,BB,BB,BB,AA,AA,AA,BB,AA,BB,BB,AA,AA,BB,BB,AA,AA,BB,BB,BB,AA,AA,AA,BB,BB,BB,BB,AA
C8806,EEMAC,2007,78.7,15,856,36,46,1.56,398,386,-,EEMAC _ 2007,AA,AA,BB,AA,BB,AA,BB,AA,AA,BB,BB,AA,AA,BB,BB,AA,AA,BB,BB,BB,BB,BB,AA,AA,AA,AA,BB,BB,AA,BB,BB,AA,AA,BB,AA,BB,AA,BB,BB,BB,BB,AA,BB,BB,BB,BB,BB,AA,BB,BB,AA,BB,AA,AA,AA,BB,AA,AA,AA,AA,BB,BB,AA,AA,AA,AA,AA,BB,BB,AA,AA,AA,AA,BB,BB,AA,BB,AA,AA,BB,BB,BB,BB,AA,BB,BB,AA,AA,BB,BB,AA,AA,AA,AA,BB,BB,AA,BB,BB,BB,AA,BB,AA,AA,BB,BB,BB,BB,BB,BB,BB,BB,BB,AA,AA,BB,AA,AA,AA,BB,AA,BB,BB,BB,BB,AA,BB,AA,BB,AA,AA,BB,BB,AA,BB,BB,BB,BB,AA,AA,AA,BB,AA,BB,BB,AA,AA,AA,BB,AA,AA,BB,BB,AA,BB,AA,AA,BB,AA,BB,BB,AA
CLE233,EEMAC,2007,81.4,12.1,866,46,72,1.52,376,290,-,EEMAC _ 2007,BB,AA,AA,BB,AA,BB,AA,AA,AA,BB,BB,AA,AA,BB,BB,AA,AA,BB,BB,BB,BB,BB,AA,AA,AA,AA,BB,BB,BB,AA,AA,AA,AA,BB,BB,BB,AA,AA,BB,BB,BB,BB,AA,AA,BB,AA,AA,AA,BB,BB,AA,AA,BB,AA,BB,BB,AA,AA,BB,BB,BB,AA,BB,AA,AA,AA,BB,AA,AA,BB,BB,BB,BB,BB,AA,BB,AA,BB,BB,BB,BB,AA,BB,AA,BB,BB,AA,BB,AA,AA,BB,AA,AA,AA,BB,BB,AA,AA,BB,AA,AA,AA,AA,BB,AA,BB,BB,AA,BB,BB,AA,BB,BB,AA,AA,BB,BB,AA,AA,AA,BB,BB,BB,BB,BB,BB,BB,BB,BB,BB,AA,BB,BB,AA,BB,BB,BB,BB,AA,AA,AA,AA,BB,AA,AA,AA,AA,BB,BB,AA,BB,BB,BB,BB,BB,AA,AA,BB,AA,BB,BB,AA
C9046,EEMAC,2007,80,11.7,774,42,60,1.58,218,427,-,EEMAC _ 2007,BB,AA,BB,AA,BB,AA,BB,AA,AA,BB,BB,AA,AA,BB,BB,AA,AA,BB,BB,BB,BB,BB,AA,AA,AA,AA,BB,BB,BB,BB,BB,AA,BB,AA,BB,AA,AA,BB,BB,BB,AA,AA,BB,BB,AA,BB,BB,AA,BB,BB,BB,BB,AA,AA,BB,BB,AA,AA,AA,AA,BB,BB,AA,AA,AA,AA,AA,BB,BB,AA,AA,AA,AA,BB,BB,AA,BB,AA,AA,AA,AA,AA,AA,AA,BB,AA,BB,BB,AA,AA,BB,AA,BB,BB,BB,BB,AA,BB,BB,BB,AA,AA,AA,BB,BB,BB,BB,AA,AA,AA,AA,AA,AA,BB,BB,AA,AA,AA,AA,AA,BB,BB,BB,BB,BB,BB,BB,BB,BB,BB,AA,BB,BB,BB,AA,AA,AA,AA,BB,BB,AA,BB,AA,BB,BB,AA,AA,AA,BB,AA,AA,BB,BB,AA,BB,AA,AA,BB,AA,BB,BB,AA
Villa,EEMAC,2007,77.8,14.7,927,40,56,1.56,233,359,-,EEMAC _ 2007,AA,AA,BB,AA,BB,BB,AA,BB,AA,AA,BB,BB,BB,AA,BB,AA,BB,AA,AA,AA,AA,AA,BB,AA,AA,BB,AA,AA,BB,AA,AA,AA,AA,BB,BB,BB,AA,AA,BB,BB,BB,BB,AA,AA,BB,AA,AA,AA,BB,BB,AA,AA,BB,AA,BB,BB,AA,AA,BB,BB,BB,AA,BB,AA,AA,AA,BB,AA,AA,BB,BB,BB,BB,BB,AA,BB,AA,BB,BB,AA,AA,AA,BB,BB,BB,BB,AA,AA,BB,BB,AA,AA,AA,BB,BB,BB,BB,BB,BB,BB,AA,AA,AA,BB,BB,BB,BB,AA,AA,AA,AA,BB,BB,BB,BB,BB,BB,AA,AA,AA,BB,BB,BB,BB,BB,BB,BB,BB,BB,BB,AA,BB,AA,BB,AA,AA,AA,BB,AA,AA,AA,BB,AA,AA,BB,AA,AA,AA,BB,AA,AA,BB,BB,AA,BB,BB,BB,BB,AA,AA,AA,AA
Br2,EEMAC,2007,79,14.1,876,39,52,1.56,405,285,-,EEMAC _ 2007,AA,BB,BB,AA,BB,AA,AA,AA,BB,AA,BB,BB,BB,AA,AA,BB,AA,BB,BB,BB,AA,AA,AA,AA,AA,BB,BB,AA,BB,BB,BB,AA,BB,AA,AA,AA,AA,BB,BB,BB,BB,AA,BB,BB,BB,BB,BB,AA,BB,BB,AA,BB,AA,AA,AA,BB,AA,AA,BB,BB,BB,AA,BB,AA,AA,AA,BB,AA,AA,BB,BB,BB,BB,BB,AA,BB,AA,BB,BB,AA,AA,AA,BB,BB,BB,BB,AA,AA,AA,AA,BB,AA,AA,AA,BB,BB,BB,BB,BB,AA,AA,AA,AA,BB,BB,AA,AA,AA,AA,AA,AA,AA,AA,BB,BB,AA,AA,BB,AA,BB,AA,AA,AA,AA,AA,AA,AA,AA,BB,AA,BB,AA,AA,BB,AA,AA,AA,AA,AA,AA,BB,AA,BB,AA,AA,BB,BB,AA,AA,BB,BB,AA,BB,BB,BB,AA,AA,BB,AA,BB,BB,AA
Beka,EEMAC,2007,79.6,10.9,692,40,65,1.5,348,353,-,EEMAC _ 2007,BB,AA,AA,AA,AA,BB,AA,BB,AA,AA,BB,BB,BB,AA,AA,AA,BB,AA,AA,AA,AA,AA,AA,AA,AA,AA,BB,BB,AA,BB,BB,AA,AA,BB,AA,BB,AA,AA,AA,BB,AA,AA,AA,AA,AA,BB,BB,BB,AA,AA,AA,AA,BB,BB,BB,BB,AA,AA,BB,BB,BB,AA,BB,AA,AA,AA,AA,AA,AA,BB,BB,BB,BB,BB,AA,BB,AA,AA,BB,BB,BB,AA,BB,BB,BB,BB,AA,BB,AA,AA,BB,AA,AA,AA,BB,BB,BB,BB,BB,AA,AA,AA,AA,BB,BB,AA,AA,AA,BB,BB,AA,AA,AA,BB,BB,BB,BB,AA,AA,AA,BB,BB,BB,BB,BB,BB,BB,BB,BB,BB,AA,BB,BB,AA,BB,BB,BB,BB,AA,AA,BB,BB,AA,BB,BB,AA,AA,BB,BB,AA,AA,BB,BB,BB,AA,AA,AA,BB,BB,BB,BB,AA
Diamant,EEMAC,2007,79.6,10.7,601,35,68,1.54,292,455,-,EEMAC _ 2007,BB,AA,AA,BB,AA,BB,AA,BB,AA,BB,AA,AA,AA,BB,AA,AA,BB,AA,AA,AA,AA,AA,AA,AA,AA,AA,BB,BB,AA,BB,BB,AA,AA,BB,BB,BB,BB,AA,AA,AA,AA,AA,AA,AA,AA,AA,AA,BB,AA,BB,AA,AA,BB,AA,BB,BB,AA,AA,BB,BB,BB,AA,BB,AA,AA,AA,AA,AA,AA,BB,BB,BB,BB,BB,AA,BB,AA,BB,BB,BB,BB,AA,BB,AA,BB,BB,AA,BB,AA,AA,BB,AA,AA,AA,BB,BB,BB,BB,AA,AA,BB,BB,BB,AA,BB,AA,AA,AA,BB,BB,AA,AA,AA,BB,BB,BB,BB,AA,AA,AA,BB,BB,BB,BB,BB,BB,BB,BB,BB,BB,AA,AA,BB,BB,BB,BB,BB,BB,AA,AA,AA,AA,AA,AA,BB,AA,AA,BB,BB,AA,AA,BB,BB,AA,BB,AA,AA,BB,AA,AA,AA,AA
Pirolin,EEMAC,2007,75.5,13.9,717,32,48,1.52,457,565,-,EEMAC _ 2007,BB,AA,BB,AA,BB,AA,BB,BB,AA,AA,BB,BB,BB,AA,BB,AA,BB,AA,AA,AA,AA,AA,BB,BB,BB,BB,BB,BB,BB,BB,BB,AA,AA,BB,BB,BB,BB,AA,AA,AA,AA,AA,AA,AA,AA,BB,BB,BB,AA,AA,AA,AA,BB,BB,BB,BB,AA,AA,BB,BB,BB,AA,BB,AA,AA,AA,AA,AA,AA,BB,BB,BB,BB,BB,AA,BB,AA,AA,BB,BB,BB,AA,BB,BB,BB,BB,AA,AA,BB,BB,AA,AA,AA,AA,BB,BB,AA,AA,BB,AA,AA,AA,AA,BB,AA,AA,AA,AA,BB,BB,AA,BB,BB,AA,AA,BB,BB,AA,AA,AA,BB,BB,BB,BB,BB,BB,BB,BB,BB,BB,AA,AA,BB,BB,BB,AA,AA,BB,BB,BB,AA,AA,AA,BB,BB,AA,AA,BB,BB,AA,AA,BB,BB,BB,AA,AA,AA,BB,BB,BB,BB,AA
C9035,EEMAC,2007,78.4,13.1,627,30,42,1.57,380,770,-,EEMAC _ 2007,AA,AA,BB,AA,BB,AA,BB,AA,AA,BB,BB,AA,AA,BB,BB,AA,AA,BB,BB,BB,BB,BB,AA,AA,AA,BB,AA,AA,BB,AA,BB,AA,AA,BB,BB,BB,AA,AA,BB,BB,BB,BB,AA,AA,BB,AA,AA,AA,BB,BB,AA,AA,BB,AA,BB,BB,AA,AA,BB,BB,BB,AA,BB,AA,AA,AA,BB,AA,AA,BB,BB,BB,BB,BB,AA,BB,AA,BB,BB,AA,AA,AA,BB,BB,BB,BB,AA,AA,AA,AA,BB,AA,AA,AA,BB,BB,BB,BB,BB,BB,AA,AA,AA,BB,BB,BB,BB,AA,AA,AA,AA,BB,BB,AA,AA,BB,AA,AA,AA,BB,AA,BB,BB,BB,BB,AA,BB,BB,BB,BB,AA,AA,BB,AA,BB,BB,BB,BB,AA,AA,AA,BB,AA,BB,BB,AA,AA,BB,BB,AA,BB,BB,AA,AA,BB,BB,BB,BB,BB,BB,BB,AA
C9038,EEMAC,2007,76.8,14.1,645,29,27,1.53,395,732,-,EEMAC _ 2007,BB,BB,AA,AA,BB,AA,BB,AA,AA,BB,BB,AA,AA,BB,BB,AA,AA,BB,BB,BB,BB,BB,AA,AA,AA,AA,BB,BB,AA,BB,BB,AA,AA,BB,AA,BB,AA,BB,BB,BB,BB,AA,BB,BB,BB,BB,BB,AA,BB,BB,AA,BB,AA,AA,AA,BB,AA,AA,AA,AA,BB,BB,AA,AA,AA,AA,AA,BB,BB,AA,AA,AA,AA,BB,BB,AA,BB,AA,AA,BB,BB,BB,BB,AA,BB,BB,AA,AA,BB,BB,AA,AA,AA,AA,BB,BB,AA,BB,BB,BB,AA,BB,AA,AA,BB,BB,BB,AA,BB,BB,AA,BB,BB,AA,AA,BB,BB,AA,AA,AA,BB,BB,BB,BB,BB,BB,BB,BB,BB,BB,AA,AA,AA,BB,AA,AA,BB,BB,BB,BB,AA,BB,AA,AA,BB,AA,AA,AA,BB,AA,AA,BB,BB,AA,BB,BB,BB,BB,AA,BB,BB,AA
MaltHed,EEMAC,2007,77,14.1,844,38,45,1.53,456,363,-,EEMAC _ 2007,AA,AA,BB,AA,BB,AA,BB,AA,BB,AA,BB,AA,AA,BB,AA,AA,BB,AA,AA,AA,AA,AA,BB,BB,BB,BB,BB,BB,BB,BB,BB,BB,BB,AA,AA,AA,AA,BB,BB,BB,BB,AA,BB,BB,BB,BB,BB,AA,BB,BB,AA,BB,AA,AA,AA,BB,AA,AA,AA,AA,BB,BB,AA,AA,AA,AA,AA,BB,BB,AA,AA,AA,AA,BB,BB,AA,BB,AA,BB,BB,BB,AA,BB,BB,BB,BB,AA,AA,BB,BB,AA,AA,AA,AA,BB,BB,AA,AA,BB,AA,AA,AA,AA,BB,BB,AA,AA,AA,BB,BB,AA,AA,AA,BB,BB,BB,BB,AA,AA,AA,BB,BB,BB,BB,BB,BB,BB,BB,BB,BB,AA,BB,BB,AA,BB,BB,BB,BB,AA,AA,AA,BB,AA,BB,BB,AA,AA,BB,BB,AA,-,BB,AA,BB,BB,AA,AA,BB,AA,BB,BB,AA
Harring,EEMAC,2007,79.3,12.6,932,46,67,1.5,468,149,-,EEMAC _ 2007,AA,AA,BB,AA,BB,AA,AA,AA,BB,AA,BB,BB,BB,AA,AA,BB,AA,BB,BB,BB,BB,AA,BB,BB,BB,AA,BB,BB,AA,BB,BB,AA,AA,BB,BB,BB,BB,AA,AA,AA,AA,AA,AA,AA,AA,BB,BB,BB,AA,AA,AA,AA,BB,BB,BB,BB,AA,AA,BB,BB,BB,AA,BB,AA,AA,AA,AA,AA,AA,BB,BB,BB,BB,BB,AA,BB,AA,AA,BB,BB,BB,AA,BB,BB,BB,BB,AA,AA,AA,AA,BB,AA,AA,AA,BB,BB,BB,BB,BB,AA,AA,AA,AA,BB,BB,AA,AA,BB,BB,BB,BB,BB,BB,AA,AA,BB,AA,AA,BB,BB,AA,AA,AA,AA,AA,AA,BB,BB,AA,BB,AA,BB,AA,BB,AA,AA,AA,BB,AA,AA,AA,BB,BB,AA,AA,BB,BB,AA,AA,BB,BB,AA,BB,AA,BB,AA,AA,BB,AA,BB,BB,AA
Volla,EEMAC,2007,77,13.7,695,32,41,1.52,325,498,-,EEMAC _ 2007,AA,AA,BB,AA,BB,BB,AA,BB,AA,AA,BB,BB,BB,AA,BB,AA,BB,AA,AA,AA,AA,AA,BB,AA,AA,BB,AA,AA,BB,AA,AA,AA,AA,BB,BB,BB,AA,AA,BB,BB,BB,BB,AA,AA,BB,AA,AA,AA,BB,BB,AA,AA,BB,AA,BB,BB,AA,AA,BB,BB,BB,AA,BB,AA,AA,AA,BB,AA,AA,BB,BB,BB,BB,BB,AA,BB,AA,BB,BB,AA,AA,AA,BB,BB,BB,BB,AA,AA,AA,AA,BB,AA,AA,AA,BB,BB,BB,BB,BB,BB,AA,AA,AA,BB,BB,BB,BB,AA,AA,AA,AA,BB,BB,AA,AA,BB,BB,AA,AA,AA,BB,BB,BB,BB,BB,BB,BB,BB,BB,BB,AA,BB,AA,BB,AA,AA,AA,BB,AA,AA,AA,BB,AA,AA,BB,AA,AA,AA,BB,AA,AA,BB,BB,AA,BB,BB,BB,BB,AA,AA,AA,BB
BCD47,EEMAC,2007,79.7,13.4,937,44,54,1.54,480,337,-,EEMAC _ 2007,BB,AA,-,-,AA,BB,BB,AA,BB,AA,BB,AA,AA,AA,BB,AA,BB,BB,BB,-,AA,BB,AA,AA,AA,BB,AA,AA,BB,AA,-,AA,BB,AA,AA,AA,AA,BB,BB,BB,AA,AA,BB,BB,AA,AA,AA,BB,BB,BB,AA,AA,BB,AA,-,AA,AA,AA,BB,AA,BB,AA,AA,AA,AA,AA,AA,AA,BB,AA,AA,-,AA,BB,BB,AA,BB,AA,AA,AA,BB,BB,AA,AA,AA,AA,BB,BB,BB,BB,AA,BB,BB,BB,AA,AA,BB,BB,BB,BB,AA,AA,AA,BB,BB,BB,BB,BB,BB,BB,BB,BB,BB,AA,AA,BB,AA,AA,BB,BB,AA,AA,AA,AA,AA,AA,BB,BB,AA,BB,AA,BB,AA,BB,AA,AA,AA,BB,AA,-,AA,BB,BB,AA,AA,BB,BB,-,AA,BB,BB,AA,BB,AA,BB,AA,AA,BB,AA,BB,BB,AA
Bido,EEMAC,2007,78.2,12.1,734,38,64,1.56,373,514,-,EEMAC _ 2007,AA,AA,BB,AA,BB,BB,AA,BB,AA,AA,BB,BB,BB,AA,BB,AA,BB,AA,AA,AA,AA,AA,BB,BB,BB,BB,AA,BB,BB,AA,AA,AA,AA,BB,BB,BB,BB,AA,AA,AA,BB,AA,AA,AA,BB,AA,AA,AA,BB,BB,AA,AA,BB,AA,BB,BB,AA,AA,BB,BB,BB,AA,BB,AA,AA,AA,BB,AA,AA,BB,BB,BB,BB,BB,AA,BB,AA,BB,BB,AA,AA,AA,BB,BB,BB,BB,AA,BB,AA,AA,BB,AA,AA,AA,BB,BB,AA,AA,BB,AA,AA,AA,AA,BB,BB,BB,BB,AA,AA,AA,AA,AA,AA,BB,BB,BB,BB,AA,AA,AA,BB,BB,BB,BB,BB,BB,BB,BB,BB,BB,AA,BB,AA,BB,AA,AA,AA,BB,AA,AA,AA,BB,AA,AA,BB,AA,AA,AA,BB,AA,-,BB,AA,BB,BB,AA,AA,BB,AA,BB,BB,AA
C9315,EEMAC,2007,77.2,12.5,578,29,25,1.66,400,858,-,EEMAC _ 2007,BB,BB,AA,AA,BB,AA,BB,AA,AA,BB,BB,AA,AA,BB,AA,AA,BB,AA,AA,AA,AA,AA,AA,AA,AA,AA,BB,BB,AA,BB,BB,AA,AA,BB,BB,BB,AA,AA,BB,BB,BB,BB,AA,AA,BB,AA,AA,AA,BB,BB,AA,AA,BB,AA,AA,BB,AA,AA,BB,BB,BB,AA,BB,AA,AA,AA,BB,AA,AA,BB,BB,BB,BB,BB,AA,BB,AA,BB,BB,AA,AA,AA,BB,BB,BB,BB,AA,AA,BB,BB,AA,AA,AA,AA,BB,BB,BB,BB,BB,AA,AA,AA,AA,BB,BB,AA,AA,AA,BB,BB,AA,BB,BB,AA,AA,BB,AA,AA,AA,BB,AA,BB,BB,BB,BB,AA,BB,AA,BB,AA,AA,BB,BB,BB,AA,AA,AA,AA,AA,AA,AA,BB,AA,BB,BB,AA,AA,AA,BB,AA,AA,BB,BB,AA,BB,AA,AA,BB,AA,BB,BB,AA
Karl,EEMAC,2007,83,9.5,742,49,74,1.56,388,403,-,EEMAC _ 2007,BB,AA,AA,BB,AA,BB,AA,BB,AA,BB,AA,BB,BB,AA,BB,AA,BB,AA,AA,AA,AA,AA,BB,BB,BB,BB,BB,BB,BB,BB,BB,AA,AA,BB,BB,BB,BB,AA,AA,AA,AA,AA,AA,AA,AA,AA,AA,BB,AA,BB,AA,AA,BB,AA,BB,BB,AA,AA,BB,BB,BB,AA,BB,AA,AA,AA,AA,AA,AA,BB,BB,BB,BB,BB,AA,BB,AA,BB,BB,BB,BB,AA,BB,AA,BB,BB,AA,BB,AA,AA,BB,AA,AA,AA,BB,BB,BB,BB,BB,BB,AA,AA,AA,BB,BB,BB,BB,AA,AA,AA,AA,AA,AA,BB,BB,AA,BB,AA,BB,BB,AA,AA,AA,AA,AA,AA,BB,AA,BB,AA,BB,AA,BB,BB,BB,BB,BB,AA,AA,BB,AA,AA,AA,BB,BB,AA,AA,AA,BB,AA,AA,BB,BB,AA,BB,AA,AA,BB,AA,BB,BB,AA
C9053,EEMAC,2007,79.6,14.3,968,43,59,1.56,326,401,-,EEMAC _ 2007,AA,AA,AA,AA,BB,AA,BB,AA,AA,BB,BB,AA,AA,BB,BB,BB,AA,BB,BB,BB,AA,AA,AA,AA,AA,AA,BB,BB,BB,AA,AA,AA,AA,BB,BB,BB,AA,BB,BB,BB,AA,AA,BB,BB,AA,AA,BB,AA,BB,BB,AA,AA,BB,AA,BB,AA,AA,AA,AA,BB,BB,BB,BB,AA,AA,AA,AA,BB,AA,BB,BB,BB,BB,BB,AA,AA,BB,BB,BB,BB,BB,BB,AA,BB,BB,BB,BB,AA,AA,AA,AA,BB,AA,BB,AA,AA,BB,BB,BB,BB,AA,AA,AA,BB,BB,BB,BB,AA,AA,AA,AA,BB,BB,AA,AA,BB,BB,AA,AA,AA,BB,BB,BB,BB,BB,BB,BB,BB,BB,BB,AA,AA,AA,BB,AA,AA,BB,BB,BB,BB,AA,BB,AA,AA,BB,AA,AA,AA,BB,AA,AA,BB,BB,AA,BB,BB,BB,AA,BB,BB,BB,AA
C8730,EEMAC,2007,78.8,13.9,846,39,53,1.56,390,542,-,EEMAC _ 2007,AA,AA,BB,AA,BB,AA,BB,AA,AA,BB,BB,AA,AA,BB,BB,AA,AA,AA,BB,AA,AA,AA,AA,AA,AA,AA,BB,BB,AA,BB,AA,AA,AA,BB,BB,BB,AA,AA,BB,BB,BB,BB,AA,AA,BB,AA,AA,AA,BB,BB,AA,AA,BB,AA,BB,BB,AA,AA,BB,BB,BB,AA,BB,AA,AA,AA,BB,AA,AA,BB,BB,BB,BB,BB,AA,BB,AA,BB,BB,AA,AA,AA,BB,BB,BB,BB,AA,AA,AA,AA,BB,AA,AA,AA,BB,BB,BB,BB,BB,BB,AA,AA,AA,BB,BB,BB,BB,AA,AA,AA,AA,BB,BB,AA,AA,BB,BB,AA,AA,AA,BB,BB,BB,BB,BB,BB,BB,BB,BB,BB,AA,AA,AA,BB,AA,AA,BB,BB,BB,BB,AA,BB,AA,AA,BB,AA,AA,AA,BB,AA,AA,BB,BB,BB,BB,AA,AA,AA,AA,AA,AA,BB
Mn610,EEMAC,2007,80,14.1,1050,47,69,1.52,355,199,-,EEMAC _ 2007,AA,AA,BB,AA,BB,AA,BB,AA,AA,BB,BB,AA,AA,BB,BB,AA,AA,BB,BB,BB,BB,AA,AA,AA,AA,BB,AA,AA,BB,AA,BB,BB,BB,BB,AA,AA,AA,AA,BB,BB,AA,AA,AA,AA,AA,BB,BB,AA,BB,BB,AA,AA,BB,AA,BB,BB,AA,AA,BB,BB,BB,AA,BB,AA,AA,AA,BB,AA,AA,BB,BB,BB,BB,BB,AA,BB,AA,BB,BB,AA,AA,AA,BB,BB,BB,BB,AA,BB,BB,BB,AA,AA,AA,AA,BB,BB,BB,BB,BB,AA,AA,AA,AA,BB,BB,BB,BB,AA,AA,AA,AA,BB,BB,AA,AA,BB,BB,AA,AA,AA,BB,BB,BB,BB,BB,BB,BB,BB,BB,BB,AA,BB,AA,BB,AA,AA,AA,BB,AA,AA,AA,BB,AA,AA,BB,AA,AA,AA,BB,AA,AA,BB,BB,AA,BB,BB,BB,BB,BB,BB,BB,AA
QAyelen,EEMAC,2007,78.9,12.4,729,37,54,1.54,322,636,-,EEMAC _ 2007,BB,AA,BB,AA,BB,AA,BB,AA,BB,AA,BB,BB,BB,AA,AA,BB,AA,BB,BB,BB,BB,BB,BB,BB,BB,BB,BB,BB,AA,BB,BB,AA,AA,BB,BB,BB,BB,AA,AA,AA,AA,AA,AA,AA,AA,AA,AA,BB,AA,BB,AA,AA,BB,AA,BB,BB,AA,AA,BB,BB,BB,AA,BB,AA,AA,AA,AA,AA,AA,BB,BB,BB,BB,BB,AA,BB,AA,BB,BB,BB,BB,AA,BB,AA,BB,BB,AA,AA,BB,BB,AA,AA,AA,AA,BB,BB,BB,BB,BB,BB,AA,AA,AA,BB,BB,BB,BB,AA,AA,AA,AA,BB,BB,AA,BB,BB,AA,AA,AA,BB,AA,BB,BB,BB,BB,AA,BB,AA,BB,AA,AA,BB,AA,BB,AA,AA,AA,BB,AA,AA,AA,AA,BB,AA,AA,BB,BB,AA,AA,BB,AA,BB,BB,BB,AA,AA,BB,AA,BB,BB,BB,BB
ND10277,EEMAC,2007,81.6,14.3,1151,51,58,1.52,369,326,-,EEMAC _ 2007,BB,BB,BB,BB,BB,BB,-,AA,AA,AA,BB,AA,AA,BB,AA,AA,BB,AA,AA,AA,AA,AA,BB,BB,BB,BB,AA,BB,BB,AA,BB,AA,AA,BB,AA,BB,AA,AA,AA,BB,AA,AA,AA,AA,AA,BB,BB,BB,AA,AA,BB,AA,AA,BB,BB,AA,BB,BB,AA,BB,AA,AA,BB,BB,BB,BB,AA,BB,BB,AA,AA,AA,AA,AA,AA,AA,BB,BB,AA,AA,AA,BB,AA,AA,AA,BB,AA,AA,BB,BB,AA,BB,BB,BB,AA,AA,BB,BB,BB,BB,AA,AA,AA,BB,BB,BB,BB,AA,AA,AA,AA,BB,BB,AA,AA,BB,AA,AA,BB,BB,AA,AA,AA,AA,AA,AA,BB,BB,AA,BB,AA,BB,AA,BB,AA,AA,AA,BB,AA,AA,BB,AA,AA,AA,BB,AA,AA,BB,BB,AA,BB,AA,BB,AA,BB,AA,AA,BB,BB,BB,BB,AA
C9528,EEMAC,2007,80.1,12.4,642,33,62,1.58,269,508,-,EEMAC _ 2007,AA,AA,BB,AA,BB,BB,AA,AA,AA,AA,BB,BB,BB,AA,BB,AA,BB,AA,AA,AA,AA,AA,AA,BB,BB,BB,BB,BB,BB,BB,BB,AA,AA,BB,BB,BB,BB,AA,AA,AA,AA,AA,AA,AA,AA,BB,AA,AA,BB,BB,BB,BB,AA,AA,BB,AA,BB,BB,AA,BB,AA,AA,BB,BB,BB,BB,AA,BB,BB,AA,AA,AA,AA,AA,AA,AA,BB,BB,AA,AA,AA,BB,BB,AA,BB,BB,AA,BB,BB,BB,AA,AA,AA,AA,BB,BB,BB,BB,BB,AA,AA,AA,AA,BB,AA,AA,AA,AA,AA,AA,AA,BB,BB,AA,AA,BB,AA,AA,BB,BB,AA,AA,AA,AA,AA,AA,BB,BB,AA,BB,AA,BB,AA,BB,AA,AA,AA,BB,AA,AA,BB,AA,BB,AA,AA,BB,BB,AA,AA,BB,BB,AA,BB,AA,BB,AA,AA,BB,AA,BB,BB,AA
CLE232,EEMAC,2007,80.5,12.5,856,44,68,1.56,408,377,-,EEMAC _ 2007,BB,AA,AA,BB,AA,BB,AA,AA,AA,BB,BB,AA,AA,BB,BB,AA,AA,BB,BB,BB,BB,BB,AA,AA,AA,AA,BB,BB,AA,BB,BB,BB,BB,AA,AA,AA,AA,BB,BB,BB,BB,AA,BB,BB,BB,BB,BB,AA,BB,BB,AA,BB,AA,AA,AA,BB,AA,AA,BB,BB,BB,AA,BB,AA,AA,AA,AA,AA,AA,BB,BB,BB,BB,BB,AA,BB,AA,BB,BB,BB,BB,AA,BB,AA,BB,BB,AA,BB,AA,AA,BB,AA,AA,AA,BB,BB,AA,AA,BB,AA,AA,AA,AA,BB,BB,AA,AA,AA,BB,BB,AA,BB,BB,AA,AA,BB,BB,AA,AA,AA,BB,BB,BB,BB,BB,BB,BB,BB,BB,BB,AA,BB,BB,AA,BB,BB,BB,BB,AA,AA,AA,BB,AA,AA,AA,BB,BB,AA,-,BB,AA,BB,BB,BB,AA,AA,BB,BB,AA,BB,BB,BB
Danuta,EEMAC,2007,80.6,12.1,887,47,76,1.5,269,240,-,EEMAC _ 2007,BB,AA,AA,AA,AA,AA,BB,BB,AA,AA,BB,BB,BB,AA,BB,AA,BB,AA,AA,AA,AA,AA,AA,AA,AA,AA,BB,BB,AA,BB,AA,AA,AA,BB,BB,BB,AA,AA,BB,BB,BB,BB,AA,AA,BB,AA,AA,AA,BB,BB,AA,AA,BB,AA,BB,BB,AA,AA,BB,BB,BB,AA,BB,AA,AA,AA,BB,AA,AA,BB,BB,BB,BB,BB,AA,BB,AA,BB,BB,BB,BB,AA,BB,BB,BB,BB,AA,AA,AA,AA,BB,BB,BB,BB,AA,AA,BB,AA,AA,BB,BB,BB,BB,AA,BB,AA,BB,AA,AA,AA,AA,BB,BB,AA,AA,AA,AA,BB,BB,BB,AA,-,AA,AA,AA,BB,AA,AA,BB,AA,BB,AA,BB,BB,AA,BB,BB,BB,BB,BB,AA,BB,AA,BB,BB,AA,AA,BB,BB,AA,AA,BB,AA,BB,BB,AA,AA,BB,-,BB,BB,BB
C8828,EEMAC,2007,80.1,11.9,907,49,75,1.51,400,342,-,EEMAC _ 2007,AA,AA,BB,AA,BB,AA,BB,AA,AA,BB,BB,AA,AA,BB,BB,AA,AA,AA,BB,AA,AA,AA,AA,AA,AA,AA,BB,BB,AA,BB,BB,AA,AA,BB,AA,BB,AA,BB,BB,BB,BB,AA,BB,BB,BB,BB,BB,AA,BB,BB,AA,BB,AA,AA,AA,BB,AA,AA,AA,AA,BB,BB,AA,AA,AA,AA,AA,BB,BB,AA,AA,AA,AA,BB,BB,AA,BB,AA,AA,BB,BB,BB,BB,AA,BB,BB,AA,BB,AA,AA,BB,AA,BB,BB,BB,BB,AA,BB,BB,AA,AA,AA,AA,BB,AA,AA,AA,AA,BB,BB,BB,BB,BB,AA,AA,BB,BB,AA,AA,AA,BB,BB,BB,BB,BB,BB,BB,BB,BB,BB,AA,AA,BB,AA,BB,BB,BB,BB,AA,AA,AA,BB,AA,BB,BB,AA,AA,BB,BB,AA,BB,BB,AA,BB,BB,AA,AA,AA,AA,BB,BB,AA
C9173,EEMAC,2007,78.4,13.3,695,33,36,1.59,336,786,-,EEMAC _ 2007,AA,BB,BB,AA,BB,AA,BB,AA,BB,AA,BB,AA,BB,AA,BB,BB,AA,BB,AA,BB,BB,AA,BB,BB,BB,BB,AA,BB,BB,AA,AA,AA,AA,BB,BB,BB,AA,AA,BB,BB,BB,BB,AA,AA,BB,AA,AA,AA,BB,BB,AA,AA,BB,AA,BB,BB,AA,AA,BB,BB,BB,AA,BB,AA,AA,AA,BB,AA,AA,BB,BB,BB,BB,BB,AA,BB,AA,AA,BB,BB,BB,BB,BB,AA,BB,BB,AA,AA,BB,BB,AA,AA,AA,AA,BB,BB,AA,AA,BB,BB,AA,AA,AA,BB,BB,BB,BB,AA,AA,AA,AA,BB,BB,AA,AA,BB,BB,AA,AA,AA,BB,BB,BB,BB,BB,BB,AA,AA,BB,AA,BB,BB,BB,AA,BB,BB,BB,BB,AA,AA,AA,BB,AA,BB,BB,AA,AA,AA,BB,AA,-,BB,AA,BB,BB,AA,AA,BB,AA,BB,BB,BB
C9616,EEMAC,2007,78.2,13.1,856,42,57,1.54,408,422,-,EEMAC _ 2007,AA,AA,BB,AA,BB,BB,AA,AA,AA,AA,BB,BB,BB,AA,BB,BB,AA,BB,BB,BB,AA,AA,AA,AA,AA,BB,BB,AA,BB,BB,BB,BB,BB,BB,BB,AA,BB,AA,AA,AA,AA,AA,AA,BB,AA,BB,BB,AA,BB,BB,AA,AA,BB,AA,BB,BB,BB,BB,AA,BB,AA,AA,BB,BB,BB,BB,AA,BB,BB,AA,AA,AA,AA,AA,AA,BB,AA,BB,BB,AA,AA,AA,BB,BB,BB,BB,AA,BB,BB,BB,AA,AA,AA,AA,BB,BB,BB,BB,BB,AA,AA,AA,AA,BB,AA,AA,AA,AA,BB,BB,BB,AA,AA,BB,BB,BB,AA,AA,BB,BB,AA,AA,AA,AA,AA,AA,BB,BB,AA,BB,AA,BB,AA,BB,AA,AA,AA,BB,AA,AA,AA,BB,BB,AA,BB,AA,AA,BB,BB,AA,AA,BB,BB,BB,AA,AA,AA,BB,BB,AA,AA,AA
Atlas57,EEMAC,2007,75.4,11.2,568,32,41,1.55,203,584,-,EEMAC _ 2007,BB,BB,AA,BB,BB,BB,-,AA,AA,BB,BB,AA,BB,AA,BB,BB,AA,BB,BB,BB,BB,BB,AA,AA,AA,AA,BB,BB,BB,BB,BB,AA,BB,AA,BB,AA,AA,BB,BB,BB,AA,AA,BB,BB,AA,BB,BB,AA,BB,BB,BB,BB,AA,AA,BB,BB,AA,AA,AA,AA,BB,BB,AA,AA,AA,AA,AA,BB,BB,AA,AA,AA,AA,BB,BB,AA,BB,BB,AA,AA,AA,AA,AA,AA,BB,BB,BB,AA,AA,BB,BB,BB,BB,BB,AA,AA,AA,AA,AA,BB,BB,BB,BB,AA,BB,BB,BB,BB,BB,BB,BB,BB,BB,AA,AA,BB,AA,AA,AA,BB,AA,BB,BB,BB,BB,AA,BB,AA,BB,AA,AA,BB,BB,BB,AA,AA,AA,AA,BB,BB,AA,BB,BB,BB,AA,AA,BB,BB,AA,AA,BB,AA,AA,BB,BB,BB,BB,BB,BB,BB,BB,BB
Trumpf,EEMAC,2007,79.5,14.1,856,39,58,1.55,373,367,-,EEMAC _ 2007,BB,AA,AA,BB,AA,BB,AA,BB,AA,BB,AA,AA,AA,BB,AA,AA,BB,AA,AA,AA,AA,AA,BB,BB,BB,BB,AA,BB,BB,AA,AA,AA,AA,BB,BB,BB,AA,AA,BB,BB,BB,BB,AA,AA,BB,AA,AA,AA,BB,BB,AA,AA,BB,AA,BB,BB,AA,AA,BB,BB,BB,AA,BB,AA,AA,AA,BB,AA,AA,BB,BB,BB,BB,BB,AA,BB,AA,BB,BB,BB,BB,AA,BB,BB,BB,BB,AA,BB,AA,AA,BB,AA,AA,AA,BB,BB,BB,BB,AA,AA,BB,BB,BB,AA,BB,AA,AA,AA,BB,BB,AA,BB,BB,AA,AA,BB,BB,AA,AA,AA,BB,BB,BB,BB,BB,BB,BB,BB,BB,BB,AA,AA,BB,AA,BB,BB,BB,BB,AA,AA,AA,AA,AA,AA,BB,AA,AA,BB,BB,AA,AA,BB,BB,AA,BB,AA,AA,BB,AA,BB,BB,BB
Ambev48,EEMAC,2007,81.5,13.1,1050,51,71,1.53,394,300,-,EEMAC _ 2007,AA,BB,BB,AA,BB,AA,AA,AA,BB,AA,BB,BB,BB,AA,AA,BB,AA,BB,BB,BB,AA,AA,AA,AA,AA,BB,BB,AA,BB,BB,BB,AA,BB,AA,AA,AA,AA,BB,BB,BB,BB,AA,BB,BB,BB,BB,BB,AA,BB,BB,AA,BB,AA,AA,AA,BB,AA,AA,BB,BB,BB,AA,BB,AA,AA,AA,BB,AA,AA,BB,BB,BB,BB,BB,AA,BB,AA,BB,BB,AA,AA,AA,BB,BB,BB,BB,AA,AA,BB,BB,AA,AA,AA,BB,BB,BB,BB,BB,BB,BB,AA,AA,AA,BB,BB,BB,BB,AA,AA,AA,AA,BB,BB,AA,AA,BB,BB,AA,AA,AA,BB,BB,BB,BB,BB,BB,BB,AA,BB,AA,BB,AA,AA,BB,AA,AA,AA,AA,AA,AA,BB,AA,BB,AA,AA,BB,BB,AA,AA,BB,BB,AA,BB,BB,BB,AA,AA,BB,AA,AA,AA,AA
Barones,EEMAC,2007,79.3,12.5,978,49,71,1.51,460,160,-,EEMAC _ 2007,BB,AA,AA,AA,AA,AA,AA,AA,BB,AA,BB,BB,BB,AA,AA,BB,BB,BB,BB,-,BB,BB,BB,BB,BB,BB,BB,BB,AA,BB,BB,AA,AA,BB,BB,AA,BB,BB,AA,AA,BB,AA,BB,BB,BB,AA,AA,BB,AA,BB,AA,AA,BB,AA,-,BB,AA,AA,BB,BB,BB,AA,BB,AA,AA,AA,BB,AA,AA,BB,BB,BB,BB,BB,AA,BB,AA,BB,BB,BB,BB,AA,BB,BB,BB,BB,AA,AA,AA,AA,BB,BB,BB,BB,AA,AA,BB,AA,AA,BB,BB,BB,BB,AA,BB,AA,BB,AA,AA,AA,AA,BB,BB,AA,AA,AA,AA,BB,BB,BB,AA,AA,AA,AA,AA,BB,AA,AA,BB,AA,BB,AA,BB,BB,AA,AA,BB,BB,BB,-,AA,BB,AA,BB,BB,AA,AA,-,BB,AA,AA,BB,BB,AA,BB,AA,AA,AA,BB,BB,BB,AA
Magn104,EEMAC,2007,76.2,13.9,689,31,31,1.52,343,527,-,EEMAC _ 2007,AA,AA,BB,AA,BB,AA,BB,AA,AA,BB,BB,AA,AA,BB,BB,AA,AA,BB,BB,BB,BB,BB,BB,BB,BB,AA,AA,AA,AA,BB,BB,BB,BB,AA,AA,AA,AA,BB,BB,BB,BB,AA,BB,BB,BB,BB,BB,AA,BB,BB,AA,BB,AA,AA,AA,BB,AA,AA,AA,AA,BB,BB,AA,AA,AA,AA,AA,BB,BB,AA,AA,AA,AA,BB,BB,AA,BB,AA,AA,AA,AA,AA,AA,AA,BB,AA,BB,AA,BB,BB,AA,AA,AA,AA,BB,BB,AA,AA,BB,AA,AA,AA,AA,BB,BB,AA,AA,AA,BB,BB,AA,AA,AA,BB,BB,BB,BB,AA,AA,AA,BB,BB,BB,BB,BB,BB,BB,BB,BB,BB,AA,BB,BB,BB,BB,AA,AA,BB,BB,BB,AA,AA,AA,BB,BB,AA,AA,BB,BB,AA,-,BB,AA,BB,BB,AA,AA,BB,AA,BB,BB,AA
C9172,EEMAC,2007,79.3,13.5,927,44,59,1.58,426,458,-,EEMAC _ 2007,AA,BB,BB,AA,BB,AA,BB,AA,AA,AA,BB,AA,AA,BB,AA,AA,BB,AA,AA,AA,AA,AA,BB,BB,BB,BB,AA,BB,BB,AA,AA,AA,AA,BB,BB,BB,AA,AA,BB,BB,BB,BB,AA,AA,BB,AA,AA,AA,BB,BB,AA,AA,BB,AA,BB,BB,AA,AA,BB,BB,BB,AA,BB,AA,AA,AA,BB,AA,AA,BB,BB,BB,BB,BB,AA,BB,AA,AA,BB,BB,BB,BB,BB,AA,BB,BB,AA,AA,BB,BB,AA,AA,AA,AA,BB,BB,AA,AA,BB,BB,AA,AA,AA,BB,BB,BB,BB,AA,AA,AA,AA,BB,BB,AA,AA,BB,BB,BB,AA,AA,BB,BB,BB,BB,BB,BB,BB,BB,BB,BB,AA,BB,BB,AA,BB,BB,BB,BB,AA,AA,AA,BB,AA,BB,BB,AA,AA,BB,BB,AA,-,BB,AA,BB,BB,AA,AA,BB,AA,BB,BB,AA
Ymer,EEMAC,2007,77.6,13.3,795,38,41,1.67,401,604,-,EEMAC _ 2007,AA,BB,AA,AA,BB,AA,AA,AA,AA,AA,BB,AA,AA,BB,AA,AA,BB,AA,AA,AA,AA,AA,BB,BB,BB,AA,BB,BB,AA,BB,BB,AA,AA,BB,BB,BB,BB,AA,AA,AA,AA,AA,AA,AA,AA,BB,BB,BB,AA,AA,AA,AA,BB,BB,BB,BB,AA,AA,BB,BB,BB,AA,BB,AA,AA,AA,AA,AA,AA,BB,BB,BB,BB,BB,AA,BB,AA,AA,BB,BB,BB,AA,BB,BB,BB,BB,AA,AA,BB,BB,AA,AA,AA,AA,BB,BB,AA,AA,BB,AA,AA,AA,AA,BB,BB,BB,BB,AA,AA,AA,AA,BB,BB,AA,AA,BB,BB,BB,AA,AA,BB,BB,BB,BB,BB,BB,BB,BB,BB,BB,AA,BB,BB,AA,BB,BB,BB,BB,AA,AA,AA,BB,AA,BB,BB,AA,AA,AA,BB,AA,AA,BB,BB,AA,BB,AA,AA,BB,AA,BB,BB,AA
Magn102,EEMAC,2007,76.2,14.1,661,29,32,1.58,343,731,-,EEMAC _ 2007,BB,AA,BB,AA,BB,AA,BB,AA,AA,BB,BB,AA,AA,BB,BB,AA,AA,BB,BB,BB,BB,BB,AA,AA,AA,AA,BB,BB,AA,BB,BB,BB,BB,AA,AA,AA,AA,BB,BB,BB,BB,AA,BB,BB,BB,BB,BB,AA,BB,BB,AA,BB,AA,AA,AA,BB,AA,AA,AA,AA,BB,BB,AA,AA,AA,AA,AA,BB,BB,AA,AA,AA,AA,BB,BB,AA,BB,AA,BB,BB,BB,AA,BB,BB,BB,BB,AA,AA,BB,BB,AA,AA,AA,AA,BB,BB,AA,AA,BB,AA,AA,AA,AA,BB,BB,AA,AA,AA,BB,BB,AA,AA,AA,BB,BB,BB,BB,AA,AA,AA,BB,BB,BB,BB,BB,BB,BB,BB,BB,BB,AA,BB,BB,AA,BB,BB,BB,BB,AA,AA,AA,BB,AA,BB,BB,AA,AA,BB,BB,AA,-,BB,AA,BB,BB,AA,AA,BB,AA,BB,BB,AA
ND14600,EEMAC,2007,80.8,14.7,988,43,76,1.61,365,521,-,EEMAC _ 2007,BB,BB,BB,BB,BB,BB,-,AA,AA,AA,BB,AA,AA,BB,AA,AA,BB,AA,AA,AA,AA,BB,AA,AA,AA,BB,AA,AA,BB,AA,-,AA,BB,AA,AA,AA,AA,BB,BB,BB,AA,AA,BB,BB,AA,AA,AA,BB,BB,BB,AA,AA,BB,AA,BB,AA,AA,AA,BB,AA,BB,AA,AA,AA,AA,AA,AA,AA,BB,AA,AA,AA,AA,BB,BB,AA,BB,BB,AA,AA,AA,BB,AA,AA,AA,BB,AA,AA,BB,BB,AA,BB,BB,BB,AA,AA,BB,BB,BB,BB,AA,AA,AA,BB,BB,BB,BB,AA,AA,AA,AA,BB,BB,AA,AA,BB,AA,AA,BB,BB,AA,AA,AA,AA,AA,AA,BB,BB,AA,BB,AA,BB,AA,BB,AA,AA,AA,BB,AA,AA,BB,AA,BB,AA,AA,BB,BB,AA,-,AA,AA,BB,BB,BB,AA,AA,BB,AA,BB,BB,BB,AA
