,M_11_10419,M_12_30877,M_11_20712,M_12_10506,M_11_10006,M_11_21126,M_11_20434,M_11_20769,M_11_21446,M_11_10522,M_11_20169,M_11_11481,M_11_20563,M_12_31497,M_12_30871,M_11_21261,M_K09066,M_11_20173,M_11_10648,M_11_10342,M_11_11073,M_11_10651,M_11_20419,M_11_11402,M_11_11100,M_11_20080,M_11_10876,M_11_21340,M_11_11323,M_11_11480,M_11_21370,M_11_20715,M_11_10072,M_11_10112,M_11_20595,M_11_20794,M_11_21145,M_11_20647,M_11_21101,M_11_11016,M_11_10926,M_11_10158,M_11_10276,M_11_11314,M_11_21305,M_11_10335,M_12_30325,M_11_20659,M_BmAg225,M_K02534,M_11_21212,M_12_30927,M_BmAg013,M_BmAg0606,M_K06404,M_12_30767,M_11_21267,M_11_10409,M_12_30150,M_12_30864,M_12_30863,M_EBmAc701,M_11_10946,M_11_21324,M_BmAc223,M_11_20713,M_11_21121,M_11_11350,M_11_21421,M_11_20018,M_12_30098,M_11_10024,M_11_21168,M_11_21061,M_11_11273,M_11_10477,M_12_30524,M_11_21203,M_11_11375,M_11_20298,M_11_10783,M_12_30930,M_12_30929,M_12_30869,M_11_10095,M_12_30635,M_11_10845,M_11_10819,M_11_20676,M_12_30580,M_11_21355,M_11_20545,M_BmAg222,M_11_20829,M_11_20826,M_11_21012,M_11_10778,M_11_20536,M_11_20897,M_12_31292,M_12_31210,M_11_20132,M_GMS001,M_11_20232,M_BmAc316,M_HVM62,M_11_10462,M_11_10817,M_12_30133,M_12_30569,M_11_10676,M_12_30673,M_11_10129,M_11_21339,M_11_10270,M_11_21069,M_12_31250,M_11_21404,M_11_20118,M_12_31115,M_11_20531,M_11_20379,M_11_20725,M_11_21419,M_11_10851,M_11_20722,M_11_10451,M_12_31305,M_11_10327,M_11_21326,M_12_30752,M_11_20113,M_12_30576,M_11_11098,M_11_10143,M_BmAg0321,M_BmAg120,M_12_31440,M_12_30797,M_11_10687,M_11_10454,M_11_20139
,1,1,1,1,1,1,1,1,1,1,1,1,2,2,2,2,2,2,2,2,2,2,2,2,2,2,2,2,2,2,2,2,2,3,3,3,3,3,3,3,3,3,3,3,3,3,3,3,3,3,3,3,3,3,3,3,3,4,4,4,4,4,4,5,5,5,5,5,5,5,5,5,5,5,5,5,5,5,5,5,5,5,5,5,5,5,5,5,5,5,5,5,5,5,5,5,5,5,5,5,5,5,5,6,6,6,6,6,6,6,6,6,6,6,6,6,6,6,6,6,6,6,6,7,7,7,7,7,7,7,7,7,7,7,7,7,7,7,7,7,7,7
,100,101,102,103,104,105,106,107,108,109,110,111,112,113,114,115,116,117,118,119,120,121,122,123,124,125,126,127,128,129,130,131,132,133,134,135,136,137,138,139,140,141,142,143,144,145,146,147,148,149,150,151,152,153,154,155,156,157,158,159,160,161,162,163,164,165,166,167,168,169,170,171,172,173,174,175,176,177,178,179,180,181,182,183,184,185,186,187,188,189,190,191,192,193,194,195,196,197,198,199,200,201,202,203,204,205,206,207,208,209,210,211,212,213,214,215,216,217,218,219,220,221,222,223,224,225,226,227,228,229,230,231,232,233,234,235,236,237,238,239,240,241
IND1,-,B,B,B,A,A,A,A,A,B,B,B,A,A,A,A,-,A,-,-,-,B,B,B,B,A,A,A,A,A,B,A,A,A,A,A,A,A,A,A,A,B,A,A,A,A,A,-,A,A,A,A,A,B,B,B,A,B,B,B,B,A,B,B,A,A,A,A,A,A,A,A,A,A,A,A,B,A,A,-,A,A,A,A,A,A,A,A,-,A,A,A,B,B,B,B,B,B,B,B,B,B,B,B,B,B,A,A,A,A,-,-,A,A,A,A,A,A,A,A,A,A,A,B,A,A,B,A,A,A,A,A,A,A,B,B,A,A,A,A,A,A
IND2,B,B,-,B,B,B,B,B,B,B,B,A,A,A,A,A,A,A,A,A,A,A,A,-,A,A,A,A,A,-,A,A,-,B,B,-,A,A,A,B,B,B,A,A,A,A,A,A,A,A,B,-,B,A,A,-,-,B,-,A,-,B,A,-,B,A,A,-,B,B,B,B,-,B,B,B,B,B,B,-,B,A,B,B,A,A,A,A,A,-,A,A,A,A,A,A,-,A,B,-,B,B,B,A,A,A,A,A,A,A,A,A,A,A,A,A,A,A,A,A,-,A,A,A,A,A,A,A,A,B,B,B,B,B,-,B,B,B,B,B,B,B
IND3,-,B,B,B,B,-,A,A,A,B,B,B,A,A,B,A,A,A,A,A,A,A,A,A,A,A,A,A,A,A,B,B,B,B,B,A,B,B,B,B,B,B,B,B,B,-,B,B,B,B,B,B,B,B,-,A,B,A,A,B,B,B,B,B,A,B,A,A,A,A,A,A,A,A,A,A,-,A,-,A,A,B,B,B,B,B,B,B,B,B,B,B,B,B,B,B,B,B,B,-,B,B,B,B,B,A,B,B,B,B,B,B,B,B,B,B,B,B,B,B,B,B,B,B,B,B,-,A,A,A,A,A,A,A,A,A,B,B,-,B,B,B
IND4,B,B,B,B,B,-,B,B,B,B,B,B,A,A,-,-,-,A,A,A,A,B,B,-,B,-,B,A,A,A,A,A,A,A,A,A,B,B,B,B,B,B,B,B,B,-,B,B,B,B,B,B,B,A,A,A,B,A,A,B,B,B,A,A,B,B,A,B,B,-,B,B,-,B,B,B,B,B,B,B,B,B,B,B,B,B,B,B,B,B,B,B,B,B,B,B,B,B,B,-,B,B,B,B,B,B,B,B,B,B,B,B,B,B,B,B,-,-,B,B,B,B,B,B,B,B,B,A,A,B,B,B,B,B,-,A,B,B,A,-,B,B
IND5,A,A,A,A,A,A,A,A,A,A,A,B,A,A,B,B,B,-,-,-,-,A,-,A,A,A,A,A,A,A,A,A,A,A,A,A,B,B,B,B,B,B,-,-,B,B,B,-,B,B,B,A,A,A,B,-,B,A,A,B,-,A,B,A,A,-,A,A,A,A,A,A,A,A,A,A,-,A,A,A,A,A,-,A,A,A,A,A,A,A,A,A,B,B,B,B,B,B,B,-,B,B,B,B,B,A,-,-,A,A,B,-,-,A,A,A,A,A,A,B,B,B,B,A,B,B,B,B,B,B,A,A,B,B,-,B,A,A,A,A,A,A
IND6,A,A,A,B,A,A,B,B,B,B,B,-,A,A,B,B,B,-,B,B,B,B,B,B,B,A,A,A,A,A,B,B,-,B,B,B,B,B,-,A,A,-,A,A,A,A,A,A,A,A,B,B,B,A,-,B,B,B,B,B,B,B,B,A,B,B,-,B,B,B,B,B,B,B,B,B,-,A,-,A,A,-,A,A,A,A,A,B,B,B,B,B,B,B,B,B,B,B,-,-,-,-,A,B,B,B,B,B,B,B,A,B,B,B,B,B,-,-,A,A,A,A,A,B,A,A,A,-,A,-,B,-,A,A,-,A,A,B,B,B,A,B
IND7,A,A,B,B,B,B,A,A,A,A,A,B,A,A,A,A,B,B,B,B,B,B,B,-,B,B,B,B,B,B,-,B,B,A,A,A,A,A,A,A,A,A,A,A,A,A,A,A,A,B,A,A,A,A,B,A,B,A,A,B,B,B,A,A,B,B,-,B,B,B,B,B,B,B,B,B,A,A,-,A,A,A,A,A,A,A,A,A,A,-,A,A,A,A,A,-,-,A,A,A,A,A,A,B,B,A,B,B,B,B,B,B,B,B,B,B,-,B,B,B,B,B,B,B,B,B,B,B,B,B,B,B,B,B,-,B,B,B,B,B,B,B
IND8,A,A,A,A,A,A,A,A,A,A,A,A,A,A,A,A,A,A,A,A,A,B,B,B,A,A,A,A,A,A,A,A,A,B,B,B,B,B,B,B,B,B,B,B,B,-,A,A,A,B,A,A,A,A,B,-,A,B,B,A,A,A,A,B,A,B,-,A,A,A,A,A,A,A,A,A,A,A,A,A,A,A,A,A,A,A,A,A,A,A,A,A,A,A,B,B,B,B,-,B,B,B,B,A,A,B,B,B,B,B,B,B,B,B,B,B,B,B,A,A,A,A,-,A,-,B,A,B,B,A,A,A,A,A,A,A,B,B,B,B,B,B
IND9,B,B,B,B,B,B,B,B,B,B,B,B,A,A,A,A,A,A,A,-,A,A,A,A,A,B,B,B,B,B,A,A,-,B,B,B,B,B,B,B,B,B,B,B,B,-,B,B,B,B,A,A,B,-,B,B,B,A,B,-,-,A,A,A,B,B,B,-,B,B,B,B,B,B,B,B,A,A,A,A,A,A,A,A,A,A,A,A,A,-,A,B,B,B,B,A,A,A,A,A,A,A,A,B,B,A,A,A,A,A,A,A,A,A,A,A,A,A,A,A,A,A,A,A,A,A,A,B,B,B,B,B,-,B,B,B,A,B,B,A,A,A
IND10,B,B,A,A,A,A,A,A,A,-,A,A,-,B,B,A,A,B,B,B,B,B,B,B,B,B,A,A,A,A,-,B,A,A,A,A,A,A,B,B,B,B,A,A,-,A,-,A,-,A,B,B,B,B,-,B,A,-,A,A,A,B,B,A,B,A,A,A,A,A,-,A,A,A,A,A,A,A,A,A,A,A,A,A,A,B,B,B,B,B,A,A,A,A,A,A,-,A,A,A,A,A,A,A,A,A,A,-,A,A,A,A,A,A,A,A,A,A,A,A,A,A,A,B,B,B,B,B,B,B,B,B,-,B,B,B,B,B,B,A,A,A
IND11,B,B,B,A,B,B,B,B,B,-,-,B,A,A,A,A,A,A,A,A,A,A,A,A,A,A,A,A,A,A,A,A,B,A,A,A,A,A,A,A,A,A,-,A,A,A,B,-,A,A,B,B,B,B,-,-,B,A,-,B,B,B,B,B,B,B,-,A,A,-,B,B,-,B,B,B,B,B,B,B,B,B,B,B,B,B,B,B,B,B,B,A,A,A,A,A,A,A,A,A,A,A,A,A,A,B,B,B,B,B,B,B,B,B,B,B,B,B,A,A,A,A,A,B,B,B,A,A,A,A,A,A,A,A,-,B,B,B,-,A,A,A
IND12,A,A,A,A,A,-,B,B,B,-,B,B,A,A,B,-,-,-,B,-,B,B,B,-,B,-,B,B,B,B,B,B,B,B,B,B,B,B,B,B,B,B,B,B,B,B,B,B,B,B,A,A,-,-,-,-,B,B,-,B,B,A,B,B,-,B,-,B,B,B,B,B,B,B,B,B,B,A,-,A,A,A,A,A,A,A,A,A,A,-,A,A,A,A,A,A,-,A,-,B,B,B,-,A,-,-,-,-,-,A,A,A,-,A,A,-,-,A,B,B,B,B,A,A,A,A,A,B,B,B,B,B,-,B,-,-,-,A,-,-,B,-
IND13,A,A,A,B,B,B,A,A,A,A,A,A,A,A,A,A,A,B,B,B,B,B,B,B,B,B,B,A,A,A,A,A,A,B,B,B,B,B,B,B,B,B,B,B,-,B,B,B,B,B,-,A,A,A,B,-,B,B,B,-,A,A,A,B,A,B,A,A,A,A,A,A,A,A,A,A,B,B,B,B,B,B,B,B,B,B,B,B,B,B,A,A,A,A,A,A,A,A,A,A,A,A,A,A,A,B,A,A,A,A,A,A,A,A,A,A,A,A,A,A,-,A,A,B,A,B,B,B,B,B,B,B,B,B,B,B,B,A,A,A,A,A
IND14,-,A,A,A,A,A,A,A,A,A,A,A,A,A,A,A,A,A,A,A,A,A,A,A,A,A,A,A,A,A,A,A,A,B,B,B,B,B,A,A,A,A,A,A,A,A,A,A,A,A,A,A,A,-,B,B,B,B,B,B,B,B,B,B,A,B,B,A,A,A,A,A,A,-,A,A,B,B,B,B,B,B,B,B,B,B,B,B,B,B,B,A,A,-,-,A,-,A,-,A,A,B,B,A,A,A,A,A,A,A,A,A,A,A,A,A,A,A,A,A,A,B,B,B,B,B,B,B,B,B,B,B,-,B,-,B,B,B,B,A,A,A
IND15,A,A,A,A,B,B,B,B,B,-,-,A,A,A,B,B,B,B,B,B,B,B,B,B,B,A,A,A,A,A,A,A,B,B,B,-,A,A,A,A,A,A,A,A,A,A,B,B,B,B,B,B,B,-,-,B,A,A,A,A,A,B,B,B,B,B,B,B,B,B,B,B,B,B,B,B,B,B,B,B,B,B,B,B,B,B,B,B,B,B,B,B,B,A,A,A,-,A,-,B,B,B,B,A,A,A,-,-,-,A,A,A,-,A,A,A,A,A,A,A,A,A,A,B,B,B,B,A,A,A,A,A,A,B,-,B,B,B,B,B,B,B
IND16,B,A,A,A,A,A,B,B,B,B,B,A,B,B,A,B,B,B,B,B,B,B,B,B,B,B,B,B,B,B,A,A,A,A,A,B,B,B,B,B,B,B,B,B,B,-,A,A,A,A,A,A,A,-,B,B,B,B,-,A,A,A,A,B,B,B,-,A,A,A,A,A,A,A,A,A,B,B,B,B,B,B,B,B,B,B,B,B,B,B,B,B,B,B,B,B,B,B,B,B,B,B,B,B,B,B,A,A,A,A,A,A,A,-,-,-,A,A,A,A,A,A,A,A,A,A,A,A,A,A,B,B,B,B,B,B,B,B,B,A,A,A
IND17,B,A,A,A,A,A,A,A,A,A,A,A,A,A,B,B,B,B,B,B,B,B,B,B,B,B,B,B,B,B,B,A,A,B,B,B,A,A,A,A,A,A,A,A,A,A,A,A,A,A,B,B,B,-,A,-,B,A,B,A,A,A,A,A,B,B,A,A,A,A,A,A,A,A,A,A,A,A,A,A,A,A,A,A,A,B,B,B,B,B,B,B,B,B,B,B,B,B,B,B,B,B,B,-,A,B,A,A,A,B,A,A,A,B,B,B,B,B,B,B,B,B,B,A,A,A,A,A,A,A,A,A,A,A,A,A,B,A,A,B,B,B
IND18,A,B,B,B,B,B,A,A,A,A,A,-,B,B,B,B,B,B,B,B,B,B,B,B,B,B,B,B,B,B,A,A,A,A,A,A,A,A,A,A,A,A,A,A,A,A,A,A,A,A,A,A,A,-,B,B,A,B,B,-,-,B,A,A,B,A,A,-,B,-,B,B,B,B,B,B,B,B,B,B,B,B,B,B,B,B,B,B,B,B,A,A,A,A,A,A,A,A,A,A,A,A,A,A,A,A,A,A,A,A,A,A,A,A,A,A,A,A,A,A,A,A,A,A,B,A,A,B,B,B,B,B,-,B,B,B,B,A,A,A,A,A
IND19,B,B,B,-,-,-,B,B,B,A,A,A,B,B,A,A,A,A,A,A,A,A,A,A,A,B,B,B,B,B,B,B,B,B,B,B,B,B,B,B,B,B,B,B,B,B,B,B,B,B,B,B,B,-,A,A,B,A,A,A,A,B,A,B,A,B,B,A,A,A,A,A,A,A,A,A,A,A,A,A,A,A,A,A,A,A,A,A,A,A,A,A,A,A,A,A,A,A,A,A,A,A,A,A,A,A,A,A,A,A,A,A,A,A,A,A,A,A,A,A,A,A,A,B,B,B,B,B,B,B,B,A,A,A,A,A,A,A,B,B,B,B
IND20,A,A,A,B,B,B,B,B,B,B,B,B,A,A,A,B,B,A,A,A,A,A,A,A,A,A,A,A,A,A,A,B,B,B,B,A,A,A,A,A,A,A,A,A,A,A,A,A,A,A,A,A,A,-,B,B,B,A,A,A,A,B,A,A,B,B,-,A,A,A,A,A,A,A,A,A,A,A,A,-,A,A,A,A,A,A,A,A,A,-,A,A,A,A,A,A,A,A,A,A,A,A,A,B,B,B,A,A,A,A,B,B,A,A,A,A,A,A,A,A,A,A,A,A,A,A,B,B,B,B,A,A,A,A,A,A,A,A,B,A,A,A
IND21,A,B,B,A,A,A,A,A,A,A,A,A,A,A,A,A,A,A,A,A,A,A,A,-,A,A,B,B,B,B,A,A,A,A,A,A,A,A,A,A,A,A,A,-,A,A,A,A,A,A,A,A,B,-,B,B,B,B,B,B,B,B,B,-,B,B,-,-,B,B,B,B,B,B,B,B,B,B,B,B,B,B,B,B,B,B,B,B,B,B,B,B,B,B,B,B,B,B,B,B,B,B,B,A,A,B,B,B,B,B,B,B,B,B,B,B,-,B,B,B,B,B,A,A,A,A,A,A,A,A,A,A,A,A,-,A,B,A,-,B,-,B
IND22,A,A,A,A,A,A,A,A,A,A,A,B,B,B,B,B,B,B,B,B,B,B,B,B,B,A,A,A,A,A,A,A,A,A,A,B,B,B,B,B,B,B,-,-,B,-,B,-,B,B,B,B,B,-,-,B,B,A,A,-,-,B,A,A,A,A,A,A,-,B,B,B,B,B,B,B,A,A,A,A,A,A,A,A,A,A,A,A,A,-,A,A,A,A,A,-,A,A,A,A,A,A,B,-,B,B,B,B,B,B,-,-,A,A,A,A,A,A,A,A,A,A,A,B,A,A,A,A,A,B,B,B,-,B,B,B,A,B,B,A,A,A
IND23,A,A,A,A,B,-,B,B,B,B,B,B,A,A,A,A,A,B,B,B,B,B,B,-,B,B,B,-,-,-,A,B,B,B,B,B,B,B,A,B,B,-,B,B,-,-,B,B,B,B,B,B,A,-,A,-,B,A,-,-,-,A,A,-,B,B,-,B,B,A,A,A,A,A,A,A,B,A,A,A,A,A,A,A,A,A,A,A,A,-,A,A,A,A,A,B,B,B,B,B,B,B,B,A,A,A,A,A,A,A,A,-,A,B,B,B,B,B,B,B,B,B,A,A,A,A,A,A,A,A,A,A,A,B,A,A,B,B,A,A,A,A
IND24,A,A,B,A,B,-,B,B,B,B,B,B,A,A,A,A,A,B,B,B,B,B,B,B,B,B,B,B,-,-,-,A,-,A,A,A,B,B,A,A,A,A,A,-,-,A,A,A,A,A,B,B,B,-,-,B,B,B,A,A,-,B,B,A,B,B,-,A,A,A,A,A,A,A,A,A,A,B,B,B,B,B,B,B,B,B,B,B,B,B,B,B,B,B,B,B,B,B,A,A,A,B,B,B,B,A,A,A,A,A,B,B,A,B,A,A,A,B,B,B,B,B,B,B,A,A,A,A,A,A,A,A,A,A,A,B,B,A,A,A,A,A
IND25,B,B,B,B,B,B,B,B,B,B,B,B,A,A,A,A,A,A,A,A,A,B,-,A,-,-,-,B,B,B,-,B,A,A,A,A,B,B,B,B,B,A,B,A,A,A,A,A,A,A,A,A,B,-,-,A,B,B,-,B,B,B,B,B,B,B,B,A,-,B,B,B,B,B,B,B,B,A,A,-,A,A,A,A,A,A,A,A,A,B,-,-,B,A,A,A,-,A,-,B,B,B,B,B,B,A,A,A,A,A,B,B,A,A,A,A,A,A,A,A,-,A,A,-,A,A,B,B,B,B,B,B,B,B,B,B,A,A,-,B,B,B
IND26,B,B,B,B,A,A,B,B,B,B,B,B,A,A,B,B,B,B,B,B,B,B,B,B,B,B,B,B,B,B,B,B,B,B,B,B,A,A,A,A,A,A,B,A,A,A,B,B,B,B,B,B,B,-,-,B,A,A,A,A,A,B,A,-,A,A,A,A,A,A,A,A,B,B,B,B,B,B,B,B,B,B,B,B,B,B,B,B,B,B,B,B,B,B,B,B,B,B,-,B,B,B,B,A,A,B,A,A,A,A,A,A,A,A,A,A,A,B,A,A,A,A,A,A,A,A,A,B,B,B,B,B,B,B,B,B,A,B,B,A,A,A
IND27,B,B,B,B,A,-,A,A,A,A,A,A,A,A,A,A,A,B,B,B,B,B,B,B,B,B,B,A,A,A,B,A,A,-,-,A,B,B,B,B,B,B,A,A,A,A,A,A,A,A,B,B,B,-,-,A,B,B,-,B,B,A,A,B,A,B,-,A,A,A,A,A,A,-,A,A,B,B,B,B,B,B,B,B,B,B,B,B,B,B,B,B,B,B,B,B,B,B,B,B,B,B,B,B,B,A,A,A,A,A,A,A,-,A,A,A,A,A,B,B,B,A,A,-,A,A,A,A,A,B,B,B,B,B,B,B,B,B,B,B,A,A
IND28,A,A,A,A,A,A,B,B,B,-,B,B,B,B,A,A,A,A,A,A,A,A,A,A,A,A,B,B,B,B,B,A,B,A,A,-,B,B,B,B,B,B,B,B,B,B,B,-,B,B,A,A,A,-,B,B,A,A,A,A,A,A,A,B,B,B,B,B,B,B,B,B,B,B,B,B,B,B,B,B,B,B,B,B,B,B,B,B,B,B,B,B,B,B,-,A,A,A,A,A,A,A,A,B,B,A,A,A,A,A,A,A,A,A,A,A,A,A,A,A,A,B,B,A,A,A,A,A,A,A,A,A,A,A,A,A,B,A,B,B,B,B
IND29,B,B,B,A,A,A,A,A,A,A,A,B,A,A,B,B,B,A,-,-,-,B,B,B,A,B,B,B,B,B,B,B,A,B,B,B,B,B,B,B,B,B,B,B,-,B,B,B,B,B,B,B,A,-,A,B,-,B,B,A,A,B,A,B,A,B,B,B,B,B,B,B,B,B,B,B,B,B,B,B,B,B,B,B,B,B,B,B,B,B,B,B,B,B,B,B,B,B,B,B,B,B,B,B,B,A,-,A,A,A,-,B,B,A,A,B,-,B,B,B,B,B,B,A,A,A,A,A,A,A,A,A,A,A,A,A,B,A,A,-,-,B
IND30,A,A,B,B,B,B,B,B,B,B,B,B,A,A,A,A,A,A,A,A,A,B,B,B,B,A,A,A,A,A,A,A,A,B,B,A,B,B,B,B,B,B,B,-,B,B,B,B,A,A,B,B,B,-,-,A,B,A,A,A,A,A,A,B,B,B,-,B,B,B,B,B,B,B,A,A,A,A,A,A,A,A,A,A,A,A,A,A,A,A,A,A,A,A,A,B,B,B,A,A,A,A,A,A,A,A,B,B,B,B,B,B,A,A,A,A,A,A,A,A,A,A,A,A,A,A,A,B,B,B,B,B,B,B,B,B,B,A,B,B,B,B
IND31,B,B,B,B,B,B,B,B,B,B,B,-,B,B,A,A,A,A,A,A,A,B,B,-,B,B,B,B,B,B,-,B,A,A,A,A,B,B,B,B,B,B,A,A,B,-,B,B,B,A,-,-,A,-,B,B,A,A,A,A,A,B,A,B,A,A,A,A,A,A,A,A,A,A,A,A,B,B,B,B,B,B,B,B,B,B,B,B,B,B,B,B,B,B,B,B,B,B,B,B,B,B,B,A,A,B,B,B,B,B,B,B,B,B,B,B,B,-,B,B,B,B,B,B,B,B,B,B,B,B,B,B,B,A,-,A,A,A,A,A,A,A
IND32,A,B,B,B,B,B,A,A,A,A,A,B,A,A,A,A,A,A,A,A,A,A,A,-,B,B,B,-,B,B,B,-,-,A,A,B,B,B,B,B,B,B,-,B,B,-,B,B,B,A,A,A,A,-,B,B,B,A,A,-,A,B,A,A,B,B,-,A,A,A,A,A,A,A,-,A,A,A,A,A,A,A,A,A,A,A,A,A,-,A,A,A,A,A,A,B,B,B,B,B,B,B,B,A,A,B,B,B,B,-,B,B,B,B,B,B,B,B,B,B,B,B,B,B,B,B,A,B,B,B,B,B,-,B,-,B,A,B,A,A,A,B
IND33,B,B,B,A,B,B,B,B,B,B,B,B,B,B,B,B,B,-,B,B,B,A,A,A,A,A,A,A,A,A,A,A,A,B,B,B,B,B,A,A,A,A,A,A,A,A,A,A,A,A,B,B,B,-,-,-,-,A,-,A,A,B,A,A,A,A,A,A,A,B,B,B,B,B,B,B,B,B,B,B,B,B,B,B,B,B,B,B,B,B,B,B,B,A,A,A,-,A,A,A,A,A,A,A,A,B,B,B,B,B,B,B,B,B,B,A,A,A,A,A,A,A,A,B,B,B,B,A,A,A,A,A,A,A,-,A,A,A,B,A,A,A
IND34,B,A,A,A,A,A,A,A,A,A,A,B,A,A,A,B,B,B,B,B,B,B,B,B,B,B,B,B,B,B,B,A,B,A,A,B,B,B,B,B,B,B,B,-,B,B,B,B,B,B,B,B,B,-,-,A,A,A,A,B,B,A,B,-,B,A,A,B,B,B,B,B,B,B,B,B,B,B,B,B,B,B,B,B,B,B,B,B,A,A,B,B,B,B,B,B,B,B,A,A,A,A,A,A,A,A,A,A,A,A,A,A,A,A,A,A,A,B,B,B,B,B,B,B,B,B,B,A,A,B,B,B,-,B,B,B,A,B,B,B,A,A
IND35,B,B,B,A,A,A,A,A,A,A,B,B,A,A,A,A,A,-,B,B,B,A,A,A,A,A,A,A,A,A,A,A,A,A,A,A,A,A,A,-,A,A,A,A,A,A,A,A,A,A,A,A,B,-,B,A,A,A,A,A,A,A,A,B,B,B,B,B,B,A,A,A,A,B,B,B,B,B,B,B,B,B,B,B,B,B,B,B,B,B,B,B,B,B,B,A,-,A,A,A,A,A,A,A,A,A,B,B,B,B,B,B,B,B,B,B,B,B,B,B,B,B,B,A,A,A,B,B,B,B,B,B,B,B,B,B,A,B,B,B,B,B
IND36,B,B,B,A,A,A,A,A,A,A,A,-,B,B,B,B,B,B,B,B,B,B,B,B,B,B,B,B,B,B,B,A,A,B,B,B,A,A,A,A,A,A,A,A,A,A,A,A,A,A,A,A,B,-,B,A,B,A,A,A,A,B,B,B,A,B,B,B,-,B,B,B,B,B,A,A,A,A,A,A,B,B,B,B,B,B,B,B,B,B,B,B,B,B,B,B,B,A,A,A,A,A,A,B,B,A,-,-,-,-,B,A,-,-,-,-,A,B,B,B,B,B,B,B,B,B,B,B,B,B,B,A,A,A,B,A,A,B,B,-,-,-
IND37,A,A,A,A,-,B,B,B,B,-,B,B,A,A,B,B,B,B,B,B,B,B,B,B,A,A,A,A,A,A,A,A,-,B,B,B,-,A,-,-,A,A,A,A,A,A,A,A,A,A,B,B,B,-,A,B,A,A,A,-,-,A,A,A,A,-,A,A,A,A,A,A,A,A,A,A,A,A,A,A,A,A,-,A,A,A,A,A,A,A,A,A,A,A,A,-,A,A,A,A,A,A,A,B,B,A,A,A,A,A,B,B,B,A,A,B,B,B,B,B,B,B,B,A,B,B,B,A,A,A,A,A,A,A,A,A,A,A,B,A,A,A
IND38,B,B,B,A,-,B,-,A,A,A,A,A,A,A,A,A,A,A,A,A,A,A,-,-,A,-,A,-,B,B,-,B,A,B,B,B,B,B,B,B,B,B,B,B,B,-,B,-,B,B,B,B,A,-,B,B,B,B,A,B,B,B,B,B,A,B,-,A,A,A,A,A,A,A,A,A,A,A,A,A,A,A,A,A,A,A,A,A,A,A,A,A,A,A,A,A,A,A,A,A,A,A,A,B,B,A,B,B,B,B,B,B,B,B,B,B,B,A,A,A,A,-,-,B,B,B,A,A,A,A,A,A,A,A,A,A,A,A,-,B,B,B
IND39,A,-,B,B,A,-,A,-,A,-,A,A,A,-,-,A,A,A,-,B,A,-,-,B,B,B,B,B,-,B,A,B,-,A,A,-,B,-,B,A,A,-,-,A,-,-,-,-,A,A,A,-,A,-,B,-,-,B,-,-,-,B,-,B,A,B,-,A,A,A,A,-,-,A,-,-,A,A,A,A,A,-,-,A,A,A,A,A,B,-,A,A,A,A,A,-,-,-,-,A,A,A,A,B,B,B,-,-,B,-,-,-,B,B,-,A,-,-,-,-,-,A,-,-,A,A,A,A,A,A,B,A,-,-,-,A,B,-,-,A,-,-
IND40,B,A,A,A,A,A,A,A,A,A,A,A,A,A,A,A,A,A,A,A,A,A,A,A,A,A,A,B,B,B,B,B,B,B,B,B,B,B,B,B,B,B,B,-,B,B,B,B,B,B,B,A,A,-,B,-,A,A,A,A,A,A,A,B,A,B,B,B,B,B,B,B,B,B,B,B,B,B,B,B,B,B,B,B,B,B,B,B,B,B,B,B,B,B,B,-,A,A,A,B,B,B,B,A,A,A,A,A,A,A,A,A,A,A,A,A,A,A,B,B,B,B,B,B,A,-,A,A,A,A,A,A,A,A,A,A,A,A,-,A,A,A
IND41,A,A,A,A,-,B,B,B,B,B,B,B,A,A,A,A,A,A,A,A,A,B,B,B,B,B,B,B,B,B,B,B,B,B,B,B,B,B,B,B,B,B,B,B,B,-,B,B,B,B,B,B,B,-,A,B,B,B,A,-,-,A,A,A,A,A,A,A,A,B,B,B,B,-,B,B,B,B,B,B,B,B,B,B,B,B,B,A,-,A,A,A,A,A,A,A,-,A,-,B,B,B,B,B,B,A,A,A,A,A,A,A,A,A,A,A,A,A,A,A,A,A,A,A,B,B,B,B,B,B,B,B,-,B,B,B,B,B,B,B,B,B
IND42,A,A,A,A,A,A,A,A,A,A,A,A,A,A,A,A,A,A,A,A,A,A,A,A,A,A,B,B,B,B,B,B,B,B,B,B,B,B,B,B,B,B,-,B,B,B,B,-,A,B,B,B,A,-,A,-,-,A,-,B,B,A,A,A,A,A,A,A,A,A,A,A,A,A,A,A,A,B,B,B,B,B,B,B,B,B,B,B,B,B,B,B,B,B,-,B,B,B,-,-,B,B,B,A,A,B,B,B,B,B,B,B,B,B,B,B,B,-,B,B,-,B,B,B,B,B,B,B,B,B,B,B,-,B,-,B,B,B,B,B,B,B
IND43,A,A,A,B,B,B,B,B,B,B,B,B,A,A,A,B,B,-,B,B,B,B,B,B,B,B,B,B,B,B,B,A,A,B,B,A,A,A,A,A,A,-,A,A,A,A,A,A,A,A,A,A,A,-,A,B,-,B,B,-,A,A,A,B,B,A,A,A,A,A,A,A,A,A,B,B,B,B,B,B,B,B,B,B,B,B,B,B,B,B,B,A,A,A,A,A,-,A,A,A,A,A,A,A,A,B,B,B,B,-,B,B,B,B,B,B,-,B,B,A,A,A,A,B,B,B,B,B,B,B,B,B,-,B,B,B,B,B,B,B,B,B
IND44,A,A,A,A,A,A,A,A,A,A,A,A,B,B,A,A,A,A,A,A,A,A,A,A,A,A,A,B,B,B,-,-,B,A,A,A,A,A,B,B,B,B,B,-,-,-,A,A,A,A,A,B,B,-,B,B,B,A,B,B,B,B,B,A,B,A,A,A,A,A,A,A,A,A,A,A,A,A,A,A,A,A,A,A,A,A,A,A,A,-,B,-,B,B,B,B,B,B,B,-,B,B,B,A,A,A,A,A,A,A,A,A,A,A,A,A,A,B,B,B,B,B,B,-,A,A,A,A,A,A,A,A,A,A,-,A,-,A,B,B,A,B
IND45,B,B,B,B,B,B,B,B,B,-,B,A,A,A,A,-,A,-,B,B,B,B,B,-,B,B,B,B,B,B,B,B,B,A,A,A,A,A,A,A,A,-,A,A,A,A,A,A,A,A,A,A,A,-,-,B,-,A,A,A,A,A,A,B,B,B,B,B,-,B,B,B,B,B,B,B,B,B,B,B,B,B,B,-,B,B,B,B,B,B,B,B,B,B,B,B,B,B,B,-,B,B,B,B,B,B,B,B,B,B,B,B,B,B,B,B,B,B,B,B,B,B,B,B,B,B,B,B,B,B,B,B,-,B,-,B,B,B,B,B,B,B
IND46,B,B,B,B,B,B,B,B,B,B,B,-,B,B,A,A,A,A,A,A,A,B,B,-,B,B,B,B,B,B,B,B,A,A,A,A,B,B,B,B,B,B,A,A,B,B,B,B,B,B,B,-,A,-,-,B,-,A,A,A,A,B,A,B,B,A,A,A,A,A,A,A,A,A,A,A,B,B,B,B,B,B,B,B,B,B,B,B,B,B,B,B,B,B,B,B,B,B,B,-,B,B,B,A,A,B,B,B,B,B,B,B,B,B,B,B,B,B,B,B,B,B,B,B,B,B,B,B,B,B,B,B,-,A,A,A,A,A,A,A,A,A
IND47,B,B,B,B,A,-,A,A,A,A,A,-,A,A,A,A,A,A,A,A,A,B,B,B,A,A,A,A,A,A,A,A,B,-,A,A,A,A,A,A,A,A,B,-,B,-,B,B,B,A,A,A,A,-,-,A,B,A,-,A,-,B,A,A,B,B,B,A,A,A,A,A,A,A,A,A,A,A,A,A,B,B,B,B,B,B,B,B,-,-,A,-,A,A,-,-,B,-,-,B,B,B,A,A,A,A,A,A,A,A,A,A,A,A,A,B,-,A,A,A,A,A,A,A,B,B,A,A,A,A,A,A,A,A,-,A,A,A,A,A,A,A
IND48,A,A,A,B,-,B,B,B,B,B,B,A,A,A,A,B,B,B,B,B,B,B,B,B,B,A,A,A,A,A,A,A,A,A,B,B,B,B,B,-,B,A,A,A,A,A,A,A,A,B,A,B,A,A,-,B,B,A,A,A,A,A,A,A,A,-,-,-,A,A,-,-,-,-,A,A,A,A,A,-,A,A,A,A,A,B,B,B,B,B,B,B,B,B,B,B,B,B,B,B,B,B,B,B,B,B,A,A,A,A,A,A,A,A,A,A,A,A,A,A,A,A,A,A,A,A,A,A,A,A,A,A,A,A,A,B,B,B,B,B,B,B
IND49,B,B,A,A,-,B,B,B,B,B,B,A,A,A,A,A,A,A,B,B,B,B,B,B,B,A,A,A,A,A,A,A,A,A,A,A,B,B,B,B,B,-,B,B,B,B,B,-,B,B,B,B,A,A,-,B,A,A,A,B,B,B,B,B,A,A,A,-,B,-,B,B,B,B,B,B,A,A,A,-,A,A,-,A,A,A,A,A,A,A,A,A,A,A,-,-,A,A,A,A,A,B,B,A,A,B,A,A,A,A,A,A,A,A,A,A,B,B,B,B,B,B,B,A,A,A,A,B,B,B,B,B,B,B,B,B,B,B,B,B,B,B
IND50,A,B,B,B,A,A,A,A,A,A,A,B,B,B,A,A,A,A,A,A,A,B,B,B,A,A,A,A,B,B,B,B,B,-,-,-,B,B,B,B,B,B,B,B,B,B,B,B,B,B,B,B,B,A,-,B,-,B,B,-,A,B,B,A,A,-,-,A,A,A,A,A,A,A,A,A,A,A,A,A,A,A,A,A,A,A,A,A,A,A,A,A,A,A,A,A,-,A,A,A,A,A,A,B,B,B,B,B,B,B,B,B,B,B,B,B,B,A,A,A,A,A,-,A,B,A,A,A,A,A,A,A,A,B,-,B,B,B,B,A,A,A
IND51,A,A,A,A,A,A,B,B,B,B,B,-,B,B,A,A,A,A,A,A,A,A,A,A,A,A,A,A,A,A,B,A,A,A,A,A,A,A,A,A,A,A,A,A,A,-,A,A,A,A,A,A,B,A,-,B,-,A,A,A,-,A,B,B,A,B,-,A,A,B,B,B,B,B,B,B,B,B,B,B,B,-,B,B,B,B,B,B,B,B,B,B,B,B,B,B,B,B,-,B,B,B,B,B,B,B,A,A,A,A,A,A,A,A,A,A,A,-,B,B,B,B,B,A,A,A,A,A,A,A,A,A,A,A,A,A,A,A,A,B,B,B
IND52,B,A,A,A,B,B,B,B,B,B,B,B,A,A,A,A,A,A,A,A,A,A,B,B,B,B,B,B,B,B,B,-,A,A,A,B,A,A,A,A,A,A,A,A,A,A,B,-,A,B,B,B,B,A,-,-,B,A,A,-,A,B,A,B,B,B,B,-,B,B,B,B,B,B,B,B,A,A,A,A,A,A,A,A,A,A,A,A,-,-,A,B,B,B,B,A,A,A,A,A,A,A,A,A,A,B,B,B,B,B,A,A,B,B,B,B,B,B,A,A,A,A,A,B,B,B,B,B,B,B,B,B,B,B,B,B,B,B,B,B,-,B
IND53,B,A,A,A,A,A,B,B,B,B,B,A,A,A,A,A,A,A,A,A,A,B,B,B,B,B,B,B,B,B,B,A,A,B,B,B,B,B,B,B,B,B,B,B,B,-,B,B,A,B,B,B,B,A,B,A,B,B,-,-,-,B,B,A,B,A,A,-,B,B,B,B,B,-,-,B,B,B,B,B,B,B,B,B,B,B,B,B,B,A,B,B,B,B,B,-,A,A,A,A,A,A,A,B,B,A,B,B,B,B,B,B,B,B,B,B,B,A,A,A,A,A,-,B,B,B,A,B,B,B,B,B,-,B,-,B,B,B,B,B,B,B
IND54,B,B,B,A,A,-,A,A,B,B,B,B,B,B,B,B,B,-,B,B,B,B,B,-,B,B,B,B,B,B,B,A,A,B,B,B,A,A,A,A,A,A,B,-,B,B,B,B,A,B,B,B,B,B,-,B,A,-,B,B,B,B,B,A,B,B,-,A,A,A,A,A,A,A,A,A,B,B,B,B,B,B,B,B,B,B,B,B,B,B,B,B,B,B,B,B,B,B,B,-,B,B,B,A,A,B,B,B,B,B,B,B,B,B,B,B,A,B,B,B,B,B,B,B,A,A,A,A,A,A,A,A,A,A,A,A,A,A,B,A,A,A
IND55,A,B,A,A,B,-,B,B,B,B,B,A,A,A,A,B,A,B,B,B,B,B,B,B,A,A,A,A,A,A,A,A,B,B,B,A,B,B,B,B,B,A,A,A,A,A,A,A,A,A,A,A,B,B,B,B,-,A,A,-,A,B,B,A,A,A,A,-,B,B,B,B,B,B,B,B,B,B,B,B,B,-,B,B,B,-,B,-,A,-,A,A,A,A,A,A,-,A,A,A,A,A,A,A,A,A,A,A,-,A,A,A,A,A,A,A,-,A,A,-,A,A,A,-,A,A,B,B,B,B,A,A,A,A,-,B,B,B,-,B,-,B
IND56,B,A,A,A,A,A,A,A,A,A,A,A,B,B,A,A,A,A,A,A,A,A,B,B,B,B,B,B,B,B,-,A,A,A,A,A,A,A,-,A,A,A,A,A,A,A,A,A,A,A,A,A,A,B,B,B,A,B,A,B,B,B,B,B,B,B,B,B,B,B,B,B,B,B,B,B,B,B,B,B,B,B,B,B,A,A,A,A,A,A,A,A,A,A,A,A,A,A,A,A,A,A,A,A,A,A,A,A,A,A,A,A,A,A,A,A,A,A,B,B,B,B,B,B,B,B,B,A,A,A,A,A,A,A,-,A,B,B,-,A,A,A
IND57,A,A,B,B,B,-,B,-,-,A,A,B,B,B,-,-,-,B,B,B,B,B,B,-,B,B,B,B,B,B,B,B,B,A,A,A,A,A,A,A,A,A,A,A,-,-,A,A,A,A,B,A,B,A,A,B,-,A,-,-,-,B,A,A,A,A,A,A,A,A,A,A,A,-,A,A,A,A,A,A,A,A,-,A,B,B,B,B,B,B,B,B,A,A,A,-,A,A,A,A,A,A,A,A,A,B,B,B,B,B,B,B,B,B,B,B,B,-,B,B,B,B,B,B,A,A,-,-,B,B,B,B,B,B,-,B,A,A,B,-,-,-
IND58,A,A,B,B,B,B,B,B,B,B,B,A,B,B,B,B,B,-,B,B,B,-,B,-,B,B,-,-,A,A,A,-,-,B,B,B,B,B,B,A,A,-,-,A,A,A,B,-,B,B,B,B,B,A,B,-,B,A,A,A,A,B,A,-,A,B,-,A,A,A,A,A,A,-,A,A,A,A,A,B,B,B,B,B,B,B,B,B,B,B,B,-,B,B,B,B,B,B,-,-,B,B,B,B,B,B,B,B,B,B,B,B,B,B,B,B,-,-,-,B,B,B,B,B,B,B,A,A,B,-,A,A,A,A,A,A,A,A,-,A,A,A
IND59,B,B,B,B,B,-,A,A,A,A,A,B,B,B,A,A,A,A,A,A,A,A,A,A,A,B,B,B,B,B,B,A,A,A,A,A,-,B,-,-,-,-,-,-,-,A,-,A,B,B,-,A,A,A,-,B,A,A,A,B,B,A,B,A,B,A,A,B,B,B,B,B,B,B,B,B,B,B,B,B,B,B,B,B,B,B,B,B,B,B,B,B,B,B,B,B,B,B,B,B,B,B,B,B,B,A,A,A,A,A,A,A,A,A,A,A,A,A,A,A,A,A,A,B,B,B,B,-,B,B,B,B,B,A,-,A,A,A,-,A,A,A
IND60,A,A,A,A,A,A,B,A,A,A,A,-,B,B,A,A,A,A,A,A,A,A,A,A,-,A,A,A,A,A,B,-,A,A,A,A,-,A,B,-,-,-,A,A,-,A,A,A,A,A,A,A,A,A,B,B,B,B,-,B,B,B,A,B,B,B,-,-,B,B,B,A,A,A,A,A,A,B,B,B,B,B,B,A,A,A,A,A,-,B,B,A,A,A,A,A,-,A,A,A,A,A,A,B,B,A,B,B,B,B,B,B,B,B,B,B,B,B,B,-,-,-,B,B,B,B,B,B,B,B,B,B,B,B,A,B,B,B,B,A,A,A
IND61,B,B,B,B,A,A,A,A,A,A,A,B,B,B,A,B,B,B,B,B,B,A,A,A,B,A,A,A,A,A,B,B,A,A,A,A,A,A,A,A,A,A,A,A,A,A,A,A,A,A,A,B,B,A,A,B,A,B,A,-,-,B,A,A,A,B,B,B,B,B,B,B,B,B,B,B,A,A,A,A,A,A,A,A,A,A,A,A,A,A,A,A,A,A,A,A,-,A,-,B,B,B,B,B,B,B,B,B,B,B,B,B,B,B,B,B,A,A,B,-,-,-,-,A,A,A,A,A,A,A,A,A,A,A,-,B,B,B,-,A,A,A
IND62,A,A,A,B,B,B,B,B,B,A,A,A,B,B,B,B,A,A,A,A,A,-,-,A,B,B,A,A,A,A,A,A,B,-,-,B,A,A,-,A,A,A,A,A,A,A,B,-,B,A,B,A,B,A,B,B,B,B,B,B,B,B,A,B,A,B,B,B,B,B,B,B,B,B,B,B,A,A,A,-,A,A,A,A,A,A,A,A,B,B,B,B,B,B,B,A,-,A,A,A,A,A,A,A,A,A,A,-,A,A,A,A,A,A,A,A,A,B,-,-,-,-,B,B,B,B,A,A,A,A,A,A,A,A,B,A,B,B,A,A,A,A
IND63,A,B,B,B,B,-,B,B,B,B,B,B,A,A,A,A,A,A,A,A,A,A,A,A,A,A,A,A,A,A,-,-,B,A,A,A,A,A,A,A,A,A,A,A,A,A,A,A,A,A,B,B,B,A,-,A,B,B,B,A,A,A,B,B,A,B,B,-,B,B,B,B,B,B,B,B,B,B,B,B,B,B,B,B,B,A,A,A,A,A,A,A,A,B,B,B,B,B,B,-,B,B,B,B,B,A,A,A,A,A,A,A,A,A,A,A,A,-,B,A,A,A,A,A,B,B,B,B,B,B,B,B,-,B,-,B,B,B,B,A,A,A
IND64,A,A,A,A,A,A,B,B,B,B,B,A,B,B,B,B,B,B,B,B,B,B,A,A,A,A,A,A,A,A,B,B,B,B,B,A,A,A,A,A,A,A,A,A,A,A,A,A,A,A,B,B,B,A,-,B,A,B,A,A,A,A,B,B,A,B,B,A,A,A,A,A,A,A,A,A,A,A,A,A,A,A,A,A,A,A,A,A,A,-,A,A,A,A,A,A,A,A,B,B,B,B,B,A,A,B,B,B,B,B,B,B,B,B,B,B,B,B,B,B,B,A,A,A,A,A,A,A,A,A,B,B,-,A,A,A,A,A,A,B,B,B
IND65,B,B,B,B,B,B,B,B,B,A,A,A,-,-,A,A,A,A,A,A,A,A,B,-,B,B,B,B,B,B,A,A,B,A,A,A,A,A,A,A,A,A,A,A,A,A,A,A,A,A,A,A,A,A,B,B,-,A,-,B,B,A,A,B,B,A,A,-,-,B,B,B,B,B,B,B,B,B,B,A,A,A,A,A,A,A,A,A,A,A,A,A,A,A,A,A,-,A,-,B,B,A,A,A,A,A,A,A,A,A,A,A,A,A,A,A,A,A,A,A,A,A,A,A,B,B,B,B,B,B,B,B,-,A,A,A,B,B,A,A,A,A
IND66,A,B,B,B,B,-,B,B,B,B,B,A,B,B,A,A,A,A,A,A,A,B,B,B,B,-,B,B,B,B,B,B,A,B,B,B,B,B,B,B,B,B,B,-,B,B,B,-,B,B,B,A,A,A,B,B,A,A,A,A,A,A,A,A,B,A,A,B,-,B,B,B,B,B,B,B,B,B,B,B,B,B,B,B,B,B,B,B,B,B,B,B,B,B,B,B,B,B,B,-,B,B,B,A,A,A,B,B,B,B,B,B,B,A,A,A,A,A,B,B,B,B,B,B,B,B,A,A,A,A,A,A,A,A,A,A,A,A,A,A,A,A
IND67,A,-,A,B,A,-,A,A,A,A,A,A,B,B,B,B,B,-,A,A,A,B,A,A,B,B,B,-,B,B,-,-,-,A,A,-,A,A,-,A,A,-,-,-,A,A,B,B,B,B,-,B,B,A,-,-,-,A,-,-,A,B,B,-,B,B,-,A,A,B,B,A,A,-,A,A,-,A,A,B,-,A,B,-,-,B,B,B,B,B,B,B,B,B,B,B,B,B,B,B,-,B,B,A,A,A,-,-,A,A,A,A,-,A,A,A,A,-,-,-,-,-,-,B,A,-,A,A,A,A,A,-,-,A,-,A,A,A,-,B,B,-
IND68,A,A,A,A,-,-,B,B,B,B,B,B,A,A,A,B,A,A,A,A,A,B,B,B,A,A,A,A,A,A,A,A,A,A,A,B,B,B,B,B,B,B,B,B,B,-,B,-,B,B,B,B,A,A,A,B,A,A,A,B,B,B,-,B,B,B,B,A,A,A,A,A,A,A,A,A,A,A,B,B,B,B,B,B,B,A,A,A,A,A,A,A,A,A,A,A,A,A,A,A,A,A,A,A,A,A,A,A,A,A,A,A,A,A,A,A,A,A,A,B,B,B,B,A,B,B,B,A,A,A,A,A,A,A,A,A,A,A,-,A,A,A
IND69,B,B,B,A,-,B,B,B,B,B,B,A,A,A,B,B,B,A,-,B,-,B,B,B,A,A,A,A,A,A,A,A,-,B,B,A,-,A,-,-,A,A,A,A,A,A,B,-,B,A,B,-,A,A,B,B,A,A,A,B,B,A,B,B,A,B,B,A,A,A,A,A,A,A,A,A,A,A,-,-,-,A,-,A,-,A,A,A,A,-,A,A,A,A,A,A,-,A,A,-,B,B,B,A,A,B,-,-,B,-,A,-,-,-,B,B,-,B,B,B,B,B,B,A,A,A,A,A,A,A,A,A,A,A,A,-,B,-,B,-,-,B
IND70,A,A,A,A,A,A,A,A,A,A,A,A,A,-,A,A,B,B,B,B,-,B,B,-,B,-,B,A,A,A,A,A,A,A,A,B,B,B,B,B,B,B,-,-,-,-,B,B,B,B,B,B,B,A,-,A,B,B,A,-,-,A,A,A,B,A,A,B,A,A,A,B,B,B,B,B,A,A,A,A,A,A,A,A,B,B,A,A,-,-,A,B,A,B,-,-,B,B,-,B,-,B,B,A,A,B,B,B,B,B,A,A,-,B,B,B,-,-,B,B,B,B,B,A,A,A,A,B,-,B,B,B,-,B,-,B,B,-,-,A,A,A
IND71,A,A,A,A,-,B,B,B,B,-,B,B,A,A,A,B,A,-,A,A,A,B,B,B,A,A,A,A,A,A,A,A,A,A,A,B,B,B,B,B,B,B,-,-,-,-,B,-,A,A,B,-,A,B,-,-,A,A,A,B,B,B,A,B,A,B,-,A,A,A,A,A,A,-,A,A,A,A,B,B,B,B,B,B,B,A,A,A,-,A,A,A,B,A,A,A,A,B,B,A,A,A,B,A,A,B,A,-,A,A,A,-,A,A,A,A,A,A,A,B,B,B,B,A,B,-,B,A,A,A,A,A,A,A,A,A,A,A,-,A,A,A
IND72,A,A,-,-,-,-,-,-,-,-,-,-,A,-,-,-,B,-,-,-,-,-,-,-,-,-,A,-,-,-,-,A,-,-,-,-,-,-,-,-,-,-,-,-,-,-,-,-,B,B,-,-,A,A,B,-,-,A,A,-,-,A,-,-,B,-,-,-,-,-,-,-,A,-,B,-,-,-,-,B,-,-,-,A,-,A,A,A,-,-,-,-,A,-,-,-,-,-,-,-,-,-,B,-,B,B,-,-,-,-,A,-,-,-,B,-,A,-,-,-,-,B,-,-,-,-,-,-,A,-,-,-,-,-,-,A,B,-,B,A,-,-
IND73,A,B,B,B,B,B,-,-,-,A,-,A,A,A,A,B,B,B,B,B,B,A,A,A,A,A,-,A,A,A,B,A,B,B,B,B,A,A,A,A,A,A,A,A,-,A,A,A,A,A,A,A,B,A,-,B,A,B,A,A,A,B,A,B,A,B,A,A,A,A,A,A,A,A,-,A,-,A,A,-,-,A,A,A,A,A,A,B,B,B,B,B,B,B,B,B,B,B,A,A,A,A,A,B,B,B,A,A,A,A,A,A,A,B,B,B,-,B,B,B,B,B,A,A,A,-,B,B,-,A,A,A,A,A,-,A,A,A,A,B,B,B
IND74,A,B,B,-,-,B,B,B,B,A,A,B,B,B,B,B,B,-,B,B,B,B,B,-,A,A,A,A,A,A,B,B,B,A,A,-,B,B,B,B,B,B,B,B,-,-,-,-,B,B,B,B,B,A,-,B,B,A,A,A,-,B,A,A,A,B,-,-,-,-,B,B,A,-,A,A,-,A,-,A,-,A,A,A,A,A,A,A,A,-,-,-,A,A,A,B,B,B,B,B,B,B,B,A,A,A,A,A,A,A,-,A,A,A,A,A,-,A,A,A,A,-,-,B,A,A,A,A,A,A,A,A,A,A,-,A,A,-,-,B,A,B
IND75,-,B,-,A,A,A,B,B,B,B,B,A,A,A,A,A,A,A,A,A,A,A,A,A,A,A,A,A,A,A,B,B,B,B,B,B,B,B,B,B,B,B,-,-,B,B,B,B,B,B,B,B,B,A,-,A,B,A,B,B,B,B,B,B,A,B,B,A,A,A,A,A,A,A,A,A,A,A,A,A,A,A,A,A,A,A,A,A,A,-,A,B,B,A,A,B,B,B,B,B,B,B,B,A,A,B,A,A,A,A,A,A,A,A,A,A,A,A,B,B,B,B,B,B,A,A,B,B,B,B,B,B,-,B,A,B,B,A,A,B,B,B
IND76,-,B,B,B,-,-,B,B,B,B,B,A,A,A,B,B,B,-,B,B,B,B,B,B,B,B,B,B,B,B,A,A,A,A,A,A,A,A,A,A,A,A,A,A,A,A,B,B,B,B,-,-,B,B,-,-,B,A,A,B,B,A,A,B,A,A,A,A,A,A,-,-,A,A,A,A,B,B,B,B,B,B,B,B,B,B,B,B,B,-,B,B,B,B,B,-,B,B,B,-,B,B,B,A,B,A,A,A,A,B,B,-,B,B,B,B,B,B,B,B,B,B,B,A,B,B,A,A,A,A,A,A,A,A,A,A,A,B,B,B,B,B
IND77,A,A,A,B,-,B,A,A,A,B,B,A,A,A,A,A,A,A,A,B,A,A,A,A,B,B,B,B,B,B,B,-,-,A,A,A,B,B,B,A,A,A,A,A,-,A,B,B,B,B,A,A,A,A,-,B,A,B,-,B,B,B,B,A,A,B,-,-,B,-,B,B,B,B,B,B,A,A,A,A,A,A,A,A,B,B,B,B,B,B,B,B,B,B,B,B,B,B,A,A,A,A,A,B,B,B,B,B,B,B,B,B,B,B,B,B,B,B,B,B,B,B,B,B,B,A,A,A,A,A,A,A,A,A,A,A,B,A,B,B,B,B
IND78,A,-,B,-,B,A,A,A,A,-,B,A,B,B,A,A,A,A,A,A,A,A,A,-,A,B,B,B,-,B,-,-,B,-,A,-,-,A,A,-,A,A,-,-,A,-,-,-,B,B,-,-,B,A,B,A,-,A,A,-,A,A,-,-,A,B,-,-,-,-,-,-,B,-,-,-,B,B,B,B,B,B,-,A,B,A,B,B,-,-,-,B,B,-,-,-,-,B,B,-,-,B,B,-,A,B,B,B,B,-,B,-,B,-,-,B,B,-,-,-,A,-,-,B,B,-,A,-,-,B,B,B,-,-,-,B,B,-,B,A,-,B
IND79,A,A,A,A,B,B,B,B,B,B,B,A,A,A,A,A,-,A,A,A,A,-,B,B,B,B,B,B,B,B,B,B,B,B,B,B,B,B,B,B,B,B,B,B,B,B,B,B,B,A,B,B,B,A,-,B,A,A,A,A,A,B,B,B,B,B,B,-,B,B,B,B,B,B,B,B,A,A,A,A,A,A,A,A,A,A,A,A,B,B,B,A,B,A,A,A,-,A,-,-,B,B,-,A,B,A,B,B,B,B,A,A,B,B,B,B,B,A,B,B,B,B,B,B,B,B,B,B,B,B,B,B,B,B,B,B,A,A,-,A,A,A
IND80,A,B,B,B,B,-,B,B,B,B,B,B,A,A,A,B,B,B,B,B,B,B,B,B,B,B,B,B,B,B,A,A,B,A,A,A,B,B,B,B,B,B,-,-,B,B,A,A,A,A,-,B,B,A,-,A,B,A,A,-,A,B,A,A,A,A,-,B,B,B,B,B,B,B,B,B,B,B,B,B,B,B,B,B,B,A,A,A,A,-,A,A,A,B,B,B,B,B,B,B,B,A,A,B,B,A,-,-,-,B,B,B,-,B,B,B,B,B,A,A,A,A,A,-,A,A,A,B,B,B,B,B,-,B,B,B,B,B,B,A,A,A
IND81,-,-,-,-,-,-,-,-,B,-,-,-,-,-,-,A,A,-,-,-,-,-,-,-,-,-,-,-,A,-,-,-,-,A,-,-,A,-,-,-,A,-,-,-,-,-,-,-,B,B,-,-,A,-,-,-,-,A,-,-,-,B,-,-,B,-,-,-,-,-,-,-,-,-,B,-,-,-,-,-,A,-,-,A,-,-,-,-,-,-,-,-,A,A,-,-,-,A,-,-,-,-,B,-,A,A,A,-,-,-,-,-,-,-,-,-,-,-,-,-,-,-,-,-,B,-,A,-,-,-,-,-,A,-,-,A,B,-,-,-,-,-
IND82,-,A,A,A,A,A,A,A,A,A,A,A,B,B,A,A,A,A,A,A,A,A,A,A,A,A,A,A,A,A,B,-,B,A,B,B,B,B,B,B,B,B,B,-,B,-,B,B,B,A,A,A,A,A,B,B,B,B,-,A,A,B,A,B,B,-,-,A,A,A,A,A,A,A,A,A,A,A,A,A,A,A,A,A,A,A,A,A,B,-,B,B,B,B,B,B,B,B,B,B,B,B,B,B,B,A,A,A,A,A,A,A,-,A,A,A,A,A,A,A,A,A,A,B,B,B,B,A,A,A,A,A,A,A,-,A,B,-,A,A,A,A
IND83,-,B,B,B,-,B,B,B,B,B,B,A,A,A,A,A,A,A,-,-,-,-,A,A,A,B,B,A,A,A,A,A,B,B,B,B,A,A,A,A,A,A,B,B,B,-,B,-,B,B,B,B,B,A,-,B,-,B,B,-,A,A,A,A,B,-,A,A,A,A,A,A,A,A,A,A,A,A,A,A,A,A,A,A,A,B,B,B,B,B,B,B,B,B,B,B,B,-,B,-,B,B,B,A,A,B,B,B,B,B,A,A,B,B,B,B,-,-,B,B,B,B,B,A,A,A,A,B,B,B,B,B,B,A,A,A,B,A,-,A,A,A
IND84,A,A,A,A,B,B,B,B,B,B,B,A,A,A,A,A,A,A,A,A,A,-,B,B,B,B,B,B,B,B,B,B,B,B,B,B,B,B,B,B,B,B,-,-,B,-,B,B,A,B,B,B,B,A,A,B,-,A,A,A,A,A,B,B,B,B,B,-,B,B,B,B,B,B,B,B,A,A,A,-,A,A,A,A,A,A,A,A,B,B,B,A,A,A,A,A,A,A,-,B,B,B,B,A,A,B,B,B,B,B,A,A,B,B,B,B,B,A,B,B,B,B,B,B,B,B,B,B,B,B,B,B,B,B,B,B,B,A,A,A,A,A
IND85,A,A,A,A,A,A,A,A,A,A,A,B,A,A,B,A,A,-,B,B,B,B,B,-,B,B,B,B,B,B,B,B,B,A,A,A,A,A,A,A,A,A,A,A,A,A,A,A,A,B,A,B,B,A,A,A,B,A,A,A,A,A,A,B,B,B,B,A,A,A,A,A,A,A,A,A,A,A,A,A,B,B,B,B,B,B,B,B,-,B,B,B,B,B,-,B,B,B,A,A,A,A,A,B,B,B,A,A,A,A,A,A,A,A,A,A,A,A,B,B,B,B,B,B,B,B,A,A,A,A,A,A,A,A,-,A,A,A,A,B,B,B
IND86,B,A,A,B,A,A,A,A,A,B,B,A,A,A,B,B,A,B,A,A,B,B,B,B,B,B,B,A,A,A,B,A,A,A,A,A,B,B,B,A,A,B,B,A,A,A,A,A,A,B,B,B,B,-,B,A,B,B,B,B,-,-,B,A,A,A,A,B,A,A,A,A,A,A,A,A,A,A,-,A,A,A,A,A,A,B,A,A,A,B,A,B,-,B,A,B,B,B,A,A,B,A,A,A,A,B,B,B,B,B,B,A,A,B,B,B,B,A,A,B,B,A,B,A,A,A,A,A,A,A,A,A,A,A,A,A,A,A,B,A,A,A
IND87,B,A,A,A,A,A,A,A,A,A,A,A,A,A,A,A,A,A,A,A,A,-,-,-,-,B,B,A,A,A,A,A,A,A,A,B,B,B,B,B,B,B,B,B,B,B,B,B,B,B,A,A,B,A,B,A,B,B,B,B,B,A,A,B,B,A,A,A,A,A,-,A,A,A,A,A,A,B,B,B,B,B,B,B,B,B,B,B,B,B,B,B,A,A,A,A,A,B,B,B,B,B,B,A,A,A,A,A,A,A,B,B,B,B,B,B,B,B,B,B,B,B,B,B,B,B,B,B,B,B,B,B,-,B,-,A,B,B,B,A,A,A
